platform,surface,primary_job,preferred_master,first_attention,copy_density,composition_rule,derivative_rule,rule_type
Facebook,Feed,"context, offer, direct response",4:5,"recognisable subject or situation","medium; explanation belongs in caption","subject -> promise -> proof or offer -> action","recompose still and video separately",house-rule
Facebook,Reels and Stories,"vertical discovery and action",9:16,"first-frame situation or mechanism","low on frame; subtitles as needed","hook -> visible mechanism -> proof -> action","build native vertical; never crop Feed",house-rule
Instagram,Feed,"taste, recognition, saves and shares",4:5,"image or visual idea","low; one compact text role","visual anchor -> one idea -> caption adds meaning","carousel uses one question per slide",house-rule
Instagram,Reels and Stories,"short-form discovery and continuation",9:16,"subject and tension immediately","low-to-medium with readable captions","first frame -> payoff -> proof -> action","recompose around UI and subject",house-rule
LinkedIn,Single image,"professional point of view or proof",1:1 or 4:5,"business consequence or proof object","medium but concise","claim -> evidence -> implication -> next step","choose ratio by argument shape",house-rule
LinkedIn,Document,"framework, case study or evidence sequence","same-size portrait pages","cover promise","one thought per page","tension -> framework -> evidence -> implication -> action","keep page size consistent; flatten final PDF",house-rule
LinkedIn,Video,"expert explanation, demonstration or case",4:5 or 9:16,"useful point in opening","captions required for silent viewing","point -> demonstration -> evidence -> action","export native feed frame and caption file",house-rule
TikTok,In-feed,"demonstration, transformation or human observation",9:16,"visible action connected to product","captioned; avoid dense poster copy","situation -> action -> payoff -> CTA","check current overlay before export",house-rule
YouTube,In-feed and in-stream,"search, explanation or interruption",16:9,"result, question or recognisable subject","title and thumbnail divide the job","promise -> evidence -> sustained payoff","make separate thumbnail and cutdowns",house-rule
