harmony_id,name_vi,name_en,structure,area_ratio,contrast_rule,mood_signal,use_when,avoid_when,failure_mode,fix,example_palette,evidence_grade,source
tonal-ladder,Thang đơn sắc,Tonal ladder,"One OKLCH hue; 4-6 steps varying only L (0.20-0.95) and C (peak mid-ladder, near 0 at ends)","Any; darkest step is ink, lightest is bg",Adjacent steps used together must differ by L >= 0.15,"Calm, expensive, single-minded","Quiet-luxury brands, spa, editorial covers where the photo is the colour",Multi-signal surfaces needing many coded categories,Everything merges into one flat field; nothing is focal,"One neutral at extreme L, or one accent under 5% area",navy-mono,craft-heuristic,"Colour-course convention stated as convention; numeric constraints are this repository's working values, craft-heuristic, not measurements"
analogous-arc,Cung liền kề,Analogous arc,2-4 hues inside a 60-degree OKLCH arc; shared C band,60/30/10 across the arc,Any two adjacent hues carrying different meaning need L gap >= 0.15,"Natural, harmonious, low-tension","Food surfaces echoing ingredient colours, nature and wellness brands",Interfaces needing unmistakable state colours,Adjacent hues merge at phone size,"Separate by lightness, not more hue",spa-thao-moc,craft-heuristic,"Colour-course convention stated as convention; numeric constraints are this repository's working values, craft-heuristic, not measurements"
complement-anchored,Bổ túc có neo,Anchored complementary,Base hue + 180-degree OKLCH rotation; equalise or unequalise L deliberately,70/20/10 - never 50/50,Neutral gutter between opposing hues at hard edges,"Energetic, appetising, poster-loud","Food (orange-teal), sport, sale moments needing controlled punch",Long-read surfaces; the buzz fatigues,Vibration at hard edges; equal areas fight,Shrink one side to accent duty; separate with neutral,nhiet-doi,craft-heuristic,"Colour-course convention stated as convention; numeric constraints are this repository's working values, craft-heuristic, not measurements"
split-complement,Bổ túc xẻ đôi,Split-complementary,Base + two hues at 150 and 210 degrees from it,60/25/15 with base dominant,"Differentiate the two flankers by L >= 0.15, never by hue alone",Rich but safer than full complementary,"Illustration-led brands, packaging with two product lines",Minimal two-colour briefs,The two flankers read as one colour,Push one flanker light and one dark,retro-70s,craft-heuristic,"Colour-course convention stated as convention; numeric constraints are this repository's working values, craft-heuristic, not measurements"
triadic-demoted,Tam giác hạ cấp,Demoted triadic,"Three hues 120 degrees apart; one at full C, two capped at C <= 0.08",70/20/10 led by the full-C hue,Only the lead hue may sit at high C on large areas,Playful with adult restraint,"Kids-adjacent brands graduating upmarket, festival systems",Authority and mourning-adjacent contexts,All three at full chroma = toy palette,Cap two hues near-neutral; keep one lead,riso-hai-mau,craft-heuristic,"Colour-course convention stated as convention; numeric constraints are this repository's working values, craft-heuristic, not measurements"
tetradic-two-accents,Tứ giác hai điểm nhấn,Tetradic as two accents,Two complementary pairs; demote one full pair to near-neutral tints,"60/30 neutrals, 7/3 for the two accents",The two live accents never touch without a neutral between,Systematic variety - a family of signals,"Multi-category menus, event series needing coded strands",Single-message posters,Four fighting hues become noise,Treat as two-colour scheme plus two coded accents,neon-dem,craft-heuristic,"Colour-course convention stated as convention; numeric constraints are this repository's working values, craft-heuristic, not measurements"
neutral-plus-one,Trung tính cộng một,Neutral plus one,Achromatic ramp (C < 0.02) plus one hue owning every signal,90-95 neutral / 5-10 accent,Accent-on-neutral and neutral-on-accent must both clear their duty ratio before commit,"Modern, decisive, gallery-clean","Portfolios, tech, signage systems, monochrome photography brands",Warm food storytelling; it reads cold,If the accent fails contrast the whole system fails,Verify both directions of contrast first; pick accent last,tech-dark,craft-heuristic,"Colour-course convention stated as convention; numeric constraints are this repository's working values, craft-heuristic, not measurements"
sixty-thirty-ten,Sáu mươi ba mươi mười,60-30-10 proportion,"Proportion overlay for ANY hue set: dominant 60, secondary 30, accent 10 by area","60/30/10 measured on the layout, not the swatch sheet",The 10 must be the highest-attention element or it is wasted,"Balanced, professionally calm",Default starting proportion when no other has a reason,Editorial restraint briefs (use 85/10/5 instead),Measured on swatches instead of the layout; the real dominant becomes the photo,Compute area share on the actual artboard including imagery,den-vang-luxe,craft-heuristic,"Colour-course convention stated as convention; numeric constraints are this repository's working values, craft-heuristic, not measurements"
warm-field-cool-cut,Nền ấm cắt lạnh,"Warm field, cool cut",Dominant field L>0.7 warm arc (OKLCH hue 40-110); one cool cut (200-260) as the only cold thing,85/15 or tighter,The cool element must also be the darkest or lightest thing present,Sun-warm with one fresh shock,"Bakery, coffee, autumn campaigns wanting one modern edge","Already-cold products (mint, ocean, tech)",Second cool element appears and the shock devalues,"Audit the layout for accidental cools (shadows, steel props)",dat-nung,craft-heuristic,"Colour-course convention stated as convention; numeric constraints are this repository's working values, craft-heuristic, not measurements"
cool-field-warm-cut,Nền lạnh cắt ấm,"Cool field, warm cut",Dominant cool field (OKLCH hue 200-280); one warm cut (20-90) carrying every CTA,85/15 or tighter,The warm cut owns all action signals; nothing else may be warm,"Composed, then suddenly appetising","Seafood, tech-with-humanity, finance with one human moment",Cozy comfort-food storytelling,"Warm leaks (wood props, skin tones) dilute the single cut","Either embrace skin/wood as the warm cut itself, or reframe",navy-mono,craft-heuristic,"Colour-course convention stated as convention; numeric constraints are this repository's working values, craft-heuristic, not measurements"
duotone-riso,Hai bản in riso,Two-ink duotone,"One dark ink (L<0.45) + one bright ink (L 0.55-0.75), paper as third colour; overlaps multiply",50/30/20 including paper,All text in the dark ink; the bright ink never carries words under 24px,"Print-honest, indie, deliberately limited","Posters, zines, event identities, budget-elegant print",Photoreal product fidelity (colour is not literal),Treating inks as accents on white instead of as the whole image,Convert imagery to duotone too; nothing stays full-colour,riso-hai-mau,craft-heuristic,"Colour-course convention stated as convention; numeric constraints are this repository's working values, craft-heuristic, not measurements"
pastel-field-ink,Nền pastel mực đậm,"Pastel field, dark ink","Fields at L 0.85-0.95, C 0.03-0.08; one near-black ink (L<0.3) doing all reading work",80/15/5 fields/ink/one deeper accent,Ink/field ratio must clear 7:1; pastels never carry text on pastels,"Sweet, breathable, Korean-cafe gentle","Desserts, stationery, baby-adjacent, soft beauty","Urgency, authority, heavy machinery",Pastel-on-pastel text; everything under 3:1,Route every word through the ink; pastels are furniture,pastel-han,craft-heuristic,"Colour-course convention stated as convention; numeric constraints are this repository's working values, craft-heuristic, not measurements"
jewel-on-dark,Đá quý trên nền tối,Jewel on dark,"Field L 0.15-0.25; 2-3 jewel hues at L 0.45-0.6, C >= 0.12 (emerald, sapphire, ruby arcs)",70 dark / 25 jewels / 5 metallic-light,"Jewel-on-dark must clear 3:1 for display, light ink carries body text",Velvet-night opulence,"Cocktail bars, perfume, festive gifting, theatre","Daylight freshness, budget honesty",Jewels darker than L 0.4 sink into the field,Lift jewel L until it separates; test on the darkest field,den-vang-luxe,craft-heuristic,"Colour-course convention stated as convention; numeric constraints are this repository's working values, craft-heuristic, not measurements"
earth-plus-pop,Đất cộng điểm nổ,Earth plus pop,"Field of low-C earths (C 0.02-0.06, L 0.5-0.9); one synthetic pop at C >= 0.15",90/10,The pop appears exactly once per surface,Grounded craft with one modern wink,"Craft food, ceramics, sustainable fashion wanting shelf pop",Fully traditional or heritage-strict briefs,The pop multiplies and the earth reads dirty instead of calm,"One pop, one place; everything else stays under C 0.06",dat-nung,craft-heuristic,"Colour-course convention stated as convention; numeric constraints are this repository's working values, craft-heuristic, not measurements"
black-white-one,Đen trắng cộng một,"Black, white, and one",True near-black + paper white + exactly one hue,60/30/10 in any assignment,The one hue must pass its duty ratio on BOTH black and white,"Graphic, editorial, unmissable","Fashion, magazines, launch teasers, photography-led brands",Warm layered food storytelling,A second hue sneaks in via photography and breaks the contract,Duotone or desaturate the imagery to hold the contract,riso-hai-mau,craft-heuristic,"Colour-course convention stated as convention; numeric constraints are this repository's working values, craft-heuristic, not measurements"
high-key-airy,Tông sáng bay,High-key airy,Everything L >= 0.8 except one ink anchor; C <= 0.06 throughout,90 light / 10 ink,The single ink anchor carries all text and must clear 7:1,"Morning light, linen, weightless","Skincare, weddings, minimal patisserie, spring campaigns","Night venues, bold sale moments",No anchor: the whole page floats away unread,One committed ink; never grey-on-grey text,pastel-han,craft-heuristic,"Colour-course convention stated as convention; numeric constraints are this repository's working values, craft-heuristic, not measurements"
low-key-luminous,Tông trầm phát sáng,Low-key luminous,Everything L <= 0.35 except one luminous element at L >= 0.75,90 dark / 10 luminous,The luminous element is the focal point AND the label carrier,"Cinematic, intimate, single-candle drama","Whisky, fine dining interiors, fragrance, night product heroes",Information-dense surfaces; only one thing can glow,Two glowing elements split the eye and neither leads,Demote one to L 0.5; a scene has one moon,den-vang-luxe,craft-heuristic,"Colour-course convention stated as convention; numeric constraints are this repository's working values, craft-heuristic, not measurements"
sampled-from-hero,Lấy từ ảnh chủ đạo,Sampled from the hero image,"Measure the hero photo with scripts/sample_reference.py; palette = its dominant arcs, accent capped below the food's own chromatic peak",Follow the photo's own area shares,Accent C must stay below the dish's measured peak C,"Native, inevitable, nothing-pasted-on",Any surface where a photograph dominates; the anti-palette-divorce default,Text-only surfaces with no image to sample,Naming the hue but ignoring measured C and area share,"Run the script; keep all three quantities, not just the hue",seafood-fresh,craft-heuristic,"Colour-course convention stated as convention; numeric constraints are this repository's working values, craft-heuristic, not measurements"
