id,state_vi,state_en,entry_moment,exit_criterion,exits_to,stall_exits_to,declared_field,may_be_counted,may_not_be_counted,vn_channel_note,what_it_does_not_prove
new,Liên hệ mới,New contact,"A person sends a first message, taps the call button, or submits a form. The moment is theirs, not yours",You have sent a reply that a human wrote or approved,replied,-,first_response_target_minutes,"Count of contacts by source. This is the only honest top-of-funnel number a chat business has","A lead. Nobody has qualified anything yet, and the word lead applied here is what makes every rate below it look bad","Zalo, Messenger, TikTok and marketplace chat all deliver here. Marketplace chat is the one you cannot export, so it needs a manual tally or it silently drops out of the count",That the person wants to buy. A price question and a wrong-number message enter this state identically
replied,Đã phản hồi,Replied,Your reply is sent,"A qualification question has been answered, either way",qualified,stalled,reply_is_human_written,"Response time per contact, and the share answered inside your declared target","A conversation. Sending a greeting template is not a conversation, and counting it as one is how a response-rate metric gets gamed against its own purpose","Facebook, Zalo and the marketplaces each publish a response metric on their own dashboard. Read yours in the account rather than trusting a number quoted from a blog post",That the reply was read or understood
qualified,Đủ điều kiện,Qualified,"Fit and intent are both answered yes, by evidence in the thread rather than by hope",A price has been given in writing,quoted,stalled,fit_criteria;intent_signal,"Qualified count, and the share of new contacts reaching it","A commitment. Qualified means worth your hours, nothing more","In chat the qualifying answer usually arrives unprompted in the first two messages: the district, the quantity, the date of the event. Read before you interrogate",That they can pay. Fit is your judgement of match; it is not a credit check
disqualified,Không phù hợp,Disqualified,"You have written down which criterion failed",-,-,-,disqualify_reason,"Disqualified count by reason, which is the table that tells you whether your targeting is wrong or your criteria are","Nothing about the person. A disqualification is a statement about fit with this offer, on this day","Wrong-district, wrong-budget and wholesale-enquiry are the three that dominate a Vietnamese retail inbox. If one of them is most of your volume, the ad targeting is the problem, not the inbox",That they will never buy. Disqualified is not blacklisted
quoted,Đã báo giá,Quoted,A specific price for a specific scope is stated in writing in the thread,"They respond to the price, in either direction",negotiating,stalled,quote_scope;quote_price;quote_expires,"Quote count and quoted value. The first pipeline number with money in it that is not a guess","Revenue. A quote is your number, not theirs","Quoting inside chat is the norm here, so the quote has no document behind it unless you make one. Screenshot or paste the scope with the price or the scope will be argued later",That the price was accepted or even read
negotiating,Đang thương lượng,Negotiating,They ask for a change to price or scope,"Agreement or refusal, stated by them",won,stalled,concession_given;concession_asked,"Concession given per deal, which is the number that shows discounting as a habit rather than a decision","Progress. A long negotiation is as often a slow no as a near yes","Haggling is expected, not an objection. What is not expected is a discount with nothing asked in return - volume, timing, a review, a referral, cash instead of COD",That the deal is nearly closed
won,Chốt đơn,Won,"They have committed: paid, placed the order, or confirmed in writing",-,-,-,won_value;won_at,"Won count and won value. Divide by contacts for the only conversion rate that matters","A delivered order. On cash-on-delivery the gap between won and delivered is real money","COD means a won order can still fail at the door. check_tracking_plan.py already carries this correction with --purchases and --delivered; use it before reporting revenue",That the money arrived
lost,Mất đơn,Lost,"They said no, bought elsewhere, or the deadline passed",-,-,-,loss_reason;loss_reason_evidence,"Loss count by reason - but read what_it_does_not_prove before acting on the reason column","The reason. A reason you inferred is a guess with a label on it","Price is the reason people give and the reason sellers record, because it ends the conversation politely. It is over-reported in every self-recorded loss log, and this is a house-rule caution rather than a cited finding",That price was the cause. If price is recorded the field asks what the gap was and what else was true
stalled,Im lặng,Stalled,"No response from them after your follow-up ladder is exhausted",They reply,-,lost,touches_sent;ladder_exhausted_at,"Stalled count by the state they stalled in, which localises where your process loses people","A loss you can explain. Stalled is the absence of information",Silence in chat is not refusal and not a reason to keep sending. Whether you may contact again at all is a legal question - lifecycle-retention.md and lifecycle-duties.csv decide it,That they lost interest. The message may never have been delivered or seen
