id,stage,duty_vi,duty_en,timing_rule,applies_when,decides_from,instrument,article,sanction_article,fine_low,fine_high,consumer_remedy,what_it_does_not_cover,gazette,source_url,verified_at
overlay-closes-in-one-tap,capture,"Quảng cáo không ở vùng cố định phải tắt được chỉ với một lần tương tác; không dùng biểu tượng tắt giả hoặc biểu tượng tắt khó phân biệt, khó xác định","A non-fixed-region ad must close on a single interaction, with no fake close icon and no close icon that is hard to tell apart or hard to find",-,overlay is not none,close_taps; close_icon,Nghị định 342/2025/NĐ-CP,Điều 17.2,Nghị định 87/2026/NĐ-CP Điều 56.2.b,30000000,40000000,-,Whether the offer inside the overlay may be made at all; only that the overlay can be shut,"Công báo số 26, 20-01-2026",https://congbao.chinhphu.vn/van-ban/nghi-dinh-so-342-2025-nd-cp-468584.htm,2026-07-31
overlay-wait-is-capped,capture,Không có thời gian chờ tắt quảng cáo với quảng cáo dưới dạng hình ảnh tĩnh; thời gian chờ tối đa 05 giây với chuỗi hình ảnh chuyển động hoặc video,No close delay at all for a static-image ad; at most 5 seconds for an animated sequence or video,0 seconds static; 5 seconds motion,overlay is not none,overlay; wait_seconds,Nghị định 342/2025/NĐ-CP,Điều 17.3,Nghị định 87/2026/NĐ-CP Điều 56.2.b,30000000,40000000,-,"Anything about the ad on a fixed region of the page, which this article does not reach","Công báo số 26, 20-01-2026",https://congbao.chinhphu.vn/van-ban/nghi-dinh-so-342-2025-nd-cp-468584.htm,2026-07-31
overlay-carries-a-report-control,capture,"Phải bố trí biểu tượng và hướng dẫn quy trình để người dùng thông báo nội dung quảng cáo vi phạm pháp luật và từ chối, tắt hoặc không tiếp tục xem quảng cáo không phù hợp","The overlay must carry an icon and instructions letting the user report unlawful ad content and refuse, close or stop seeing an ad they find unsuitable, and reports must be handled and the outcome told back to the user",-,overlay is not none,has_report_control,Nghị định 342/2025/NĐ-CP,Điều 17.4,Nghị định 87/2026/NĐ-CP Điều 56.2.b,30000000,40000000,-,"Who inside the business reads the reports; the article requires a route, not a headcount","Công báo số 26, 20-01-2026",https://congbao.chinhphu.vn/van-ban/nghi-dinh-so-342-2025-nd-cp-468584.htm,2026-07-31
notice-before-the-field-is-filled,capture,"Phải thông báo rõ ràng, công khai về mục đích, phạm vi thu thập, sử dụng và thời hạn lưu trữ thông tin trước khi thu thập, và phải được người tiêu dùng đồng ý","Purpose, scope of collection and use, and retention period must be told clearly and publicly before collection starts, and the consumer has to agree",before the first field is filled,always,notice_before_collect,Luật Bảo vệ quyền lợi người tiêu dùng số 19/2023/QH15,Điều 17.1,-,0,0,"The consumer may demand deletion under Điều 20.1, and collecting outside the law is a prohibited act under Điều 10.1.m","Information the consumer had already made public, which Điều 17.3 exempts","Công báo số 865+866, 30-07-2023",https://congbao.chinhphu.vn/van-ban/luat-so-19-2023-qh15-39843.htm,2026-07-31
published-rule-names-a-retention-period,capture,"Quy tắc bảo vệ thông tin phải nêu mục đích, phạm vi sử dụng, thời hạn lưu trữ và biện pháp bảo vệ, niêm yết ở vị trí dễ thấy và đăng trên trang thông tin điện tử, ứng dụng","The published information-protection rule must state purpose, scope of use, retention period and safeguards, posted visibly at the premises and on the site and app, reachable before or at the moment of collection",-,always,retention_months_declared,Luật Bảo vệ quyền lợi người tiêu dùng số 19/2023/QH15,"Điều 16.1, Điều 16.2",-,0,0,"Without a declared period there is nothing to measure a win-back against, and Điều 20.3 still obliges destruction","What a reasonable period is; the law makes you declare one, not pick a particular one","Công báo số 865+866, 30-07-2023",https://congbao.chinhphu.vn/van-ban/luat-so-19-2023-qh15-39843.htm,2026-07-31
marketing-consent-is-its-own-choice,consent,"Phải có cơ chế để người tiêu dùng chọn cho phép hoặc không cho phép sử dụng thông tin của mình để quảng cáo, giới thiệu sản phẩm và hoạt động có tính chất thương mại khác","There must be a mechanism letting the consumer allow or refuse the use of their information for advertising, product introduction and other commercial activity",before the first commercial message,always,marketing_consent,Luật Bảo vệ quyền lợi người tiêu dùng số 19/2023/QH15,Điều 18.4.b,-,0,0,"Refusal is exercisable at any time under Điều 20.1, and using the data anyway is a prohibited act under Điều 10.1.m","Transaction messages the consumer asked for, which Điều 18.3.b already permits","Công báo số 865+866, 30-07-2023",https://congbao.chinhphu.vn/van-ban/luat-so-19-2023-qh15-39843.htm,2026-07-31
third-party-sharing-is-a-separate-choice,consent,"Phải có cơ chế riêng để người tiêu dùng cho phép hoặc không cho phép chia sẻ, tiết lộ, chuyển giao thông tin cho bên thứ ba","Sharing, disclosing or transferring the information to a third party needs its own allow-or-refuse control, separate from the marketing one",-,shares_with_third_party is yes,shares_with_third_party; third_party_consent,Luật Bảo vệ quyền lợi người tiêu dùng số 19/2023/QH15,Điều 18.4.a,-,0,0,The consumer may require transfer to stop under Điều 20.1,"Handing data to a processor for storage or analysis on your behalf, which the same point carves out only where a written agreement binds them to Điều 15","Công báo số 865+866, 30-07-2023",https://congbao.chinhphu.vn/van-ban/luat-so-19-2023-qh15-39843.htm,2026-07-31
a-new-purpose-needs-new-consent,consent,"Trước khi thay đổi mục đích, phạm vi sử dụng thông tin đã thông báo thì phải thông báo lại và được người tiêu dùng đồng ý về việc thay đổi","Before changing the purpose or the scope of use already notified, notify again and get consent for the change",before the repurposed send,repurposed_from is not -,repurposed_from; renotified_for_new_purpose,Luật Bảo vệ quyền lợi người tiêu dùng số 19/2023/QH15,Điều 18.1,-,0,0,The consumer may demand deletion under Điều 20.1,Whether the original notice was wide enough; if it named the new purpose there is no change,"Công báo số 865+866, 30-07-2023",https://congbao.chinhphu.vn/van-ban/luat-so-19-2023-qh15-39843.htm,2026-07-31
an-agency-on-the-list-needs-consent-and-a-contract,consent,"Trường hợp ủy quyền hoặc thuê bên thứ ba thu thập, lưu trữ, sử dụng, chỉnh sửa, hủy bỏ thông tin thì phải được người tiêu dùng đồng ý; việc ủy quyền phải bằng văn bản, quy định rõ phạm vi và trách nhiệm mỗi bên","Engaging a third party to collect, store, use, edit or delete consumer information needs the consumer's consent, and the engagement has to be in writing with each side's scope and responsibility set out",-,processor is not -,processor; processor_written_agreement; third_party_consent,Luật Bảo vệ quyền lợi người tiêu dùng số 19/2023/QH15,Điều 15.2,-,0,0,Điều 15.3 keeps the third party itself liable to the consumer,Whether the agency is competent; the article regulates the paperwork and the consent,"Công báo số 865+866, 30-07-2023",https://congbao.chinhphu.vn/van-ban/luat-so-19-2023-qh15-39843.htm,2026-07-31
no-contact-against-the-consumers-wishes,send,"Nghiêm cấm quấy rối người tiêu dùng thông qua tiếp xúc trực tiếp hoặc gián tiếp trái với ý muốn của người tiêu dùng để giới thiệu sản phẩm, đề nghị giao kết hợp đồng hoặc gây cản trở công việc, sinh hoạt bình thường","Harassing the consumer through direct or indirect contact against their wishes, to introduce a product, propose a contract, or otherwise obstruct their ordinary work and life, is prohibited outright",-,always,sends_after_refusal; messages_per_week,Luật Bảo vệ quyền lợi người tiêu dùng số 19/2023/QH15,Điều 10.1.b,-,0,0,"A prohibited act under Điều 10, actionable by the consumer and by a consumer-protection organisation under Điều 51","A number. The test is trái với ý muốn, not a send count, and the separate decree on advertising messages and email that does set per-day caps and a time window is not in this corpus","Công báo số 865+866, 30-07-2023",https://congbao.chinhphu.vn/van-ban/luat-so-19-2023-qh15-39843.htm,2026-07-31
a-commercial-message-is-marked-as-advertising,send,"Quảng cáo trên mạng phải có dấu hiệu nhận diện rõ ràng bằng chữ số, chữ viết, ký hiệu, hình ảnh, âm thanh để phân biệt nội dung quảng cáo với nội dung không phải quảng cáo","Advertising on a network must carry a clear identifying mark, in digits, text, symbol, image or sound, separating the advertising content from content that is not advertising",-,is_commercial is yes,is_commercial; has_ad_label,Nghị định 87/2026/NĐ-CP,Điều 56.2.a,Nghị định 87/2026/NĐ-CP Điều 56.2.a,30000000,40000000,-,"What the mark has to say. The article requires that it distinguish, and names no wording","Công báo số 243, 22-04-2026",https://congbao.chinhphu.vn/van-ban/nghi-dinh-so-87-2026-nd-cp-46188.htm,2026-07-31
sponsored-influencer-content-is-disclosed,send,"Nghiêm cấm việc không thông báo trước, không công khai việc tài trợ cho người có ảnh hưởng dưới mọi hình thức để sử dụng hình ảnh, lời khuyên, khuyến nghị của người này nhằm xúc tiến thương mại","Failing to disclose, in advance and publicly, that an influencer was sponsored in any form to lend their image, advice or recommendation to a promotion is prohibited outright",before the post goes live,uses_influencer is yes,uses_influencer; discloses_sponsorship,Luật Bảo vệ quyền lợi người tiêu dùng số 19/2023/QH15,Điều 10.1.h,-,0,0,A prohibited act under Điều 10; the advertising decree fines the same failure separately,"The wording of the disclosure, and any follower threshold. Neither exists in this article","Công báo số 865+866, 30-07-2023",https://congbao.chinhphu.vn/van-ban/luat-so-19-2023-qh15-39843.htm,2026-07-31
an-information-gap-opens-a-thirty-day-exit,purchase,"Nếu cung cấp không chính xác hoặc không đầy đủ thông tin theo khoản 1 Điều 37 thì trong thời hạn 30 ngày kể từ ngày giao kết, người tiêu dùng được đơn phương chấm dứt hợp đồng và không phải trả bất kỳ chi phí nào, trừ phần đã sử dụng","Where the pre-contract information required of a distance sale was inaccurate or incomplete, the consumer may walk away within 30 days of the contract at no cost beyond the part already used",30 days from contract,channel is a distance channel,claims_verified,Luật Bảo vệ quyền lợi người tiêu dùng số 19/2023/QH15,Điều 38.3.b,-,0,0,"Unilateral termination inside 30 days at no cost, and Điều 34 damages where the termination caused loss","Whether the claim was true. The trigger is inaccurate or incomplete information, and an unsupported one is both","Công báo số 865+866, 30-07-2023",https://congbao.chinhphu.vn/van-ban/luat-so-19-2023-qh15-39843.htm,2026-07-31
a-refund-lands-inside-thirty-days,purchase,"Phải hoàn trả khoản tiền tương ứng phần chưa sử dụng trong thời hạn 30 ngày kể từ ngày người tiêu dùng tuyên bố chấm dứt, theo phương thức người tiêu dùng đã thanh toán; quá hạn thì phải trả lãi","The unused portion has to be refunded within 30 days of the consumer's declaration, by the same method they paid, and interest runs on anything late",30 days from the declaration,channel is a distance channel,refund_window_days,Luật Bảo vệ quyền lợi người tiêu dùng số 19/2023/QH15,Điều 38.4,-,0,0,"Interest on the late amount at the agreed or statutory rate, plus damages under civil law","Cash on delivery timing. The article measures from the declaration, not from the courier","Công báo số 865+866, 30-07-2023",https://congbao.chinhphu.vn/van-ban/luat-so-19-2023-qh15-39843.htm,2026-07-31
an-over-claim-becomes-a-refund-duty,purchase,"Nghiêm cấm việc không đền bù, trả lại tiền hoặc đổi lại sản phẩm khi sản phẩm không đúng với đăng ký, thông báo, công bố, niêm yết, quảng cáo, giới thiệu, cam kết","Refusing to compensate, refund or replace where the product does not match what was registered, notified, declared, listed, advertised, introduced or committed is prohibited outright",-,claims_verified is no,claims_verified,Luật Bảo vệ quyền lợi người tiêu dùng số 19/2023/QH15,Điều 10.1.e,-,0,0,"A prohibited act under Điều 10, and a refund duty on every unit sold under the claim rather than a one-off fine","The advertising fine, which runs in parallel. This row is the money the marketing copy costs back through the till","Công báo số 865+866, 30-07-2023",https://congbao.chinhphu.vn/van-ban/luat-so-19-2023-qh15-39843.htm,2026-07-31
negative-reviews-may-not-be-suppressed,review,"Nghiêm cấm sử dụng biện pháp ngăn hiển thị hoặc hiển thị không trung thực kết quả phản hồi, đánh giá của người tiêu dùng, trừ trường hợp phản hồi đó vi phạm pháp luật, trái đạo đức xã hội","Blocking the display of consumer feedback and ratings, or displaying them dishonestly, is prohibited, and the only exception is feedback that itself breaks the law or offends social morality",-,filters_reviews is yes,filters_reviews,Luật Bảo vệ quyền lợi người tiêu dùng số 19/2023/QH15,Điều 10.3.c,-,0,0,"A prohibited act under Điều 10, on top of the platform duty in Điều 39.3.d to show feedback fully and accurately","Sorting and paging. The prohibition is on preventing display and on dishonest display, not on ordering","Công báo số 865+866, 30-07-2023",https://congbao.chinhphu.vn/van-ban/luat-so-19-2023-qh15-39843.htm,2026-07-31
a-testimonial-in-an-ad-needs-the-persons-consent,review,"Quảng cáo có sử dụng hình ảnh, lời nói, chữ viết của cá nhân khi chưa được cá nhân đó đồng ý bị xử phạt","Using a person's image, voice or writing in an advertisement without that person's consent is a finable offence",before the review is reused,reuses_reviews_in_ads is yes,reuses_reviews_in_ads; review_consent_on_file,Nghị định 87/2026/NĐ-CP,Điều 50.3.a,Nghị định 87/2026/NĐ-CP Điều 50.3.a,20000000,40000000,-,"The platform's terms. Agreeing to a marketplace policy is not the reviewer agreeing to appear in your advertisement, and data/claim-evidence.csv carries the same row for copy","Công báo số 243, 22-04-2026",https://congbao.chinhphu.vn/van-ban/nghi-dinh-so-87-2026-nd-cp-46188.htm,2026-07-31
continuous-service-starts-at-three-months,renewal,Cung cấp dịch vụ liên tục là việc cung cấp dịch vụ có thời hạn từ 03 tháng trở lên hoặc không xác định thời hạn,"A continuous service is one supplied for three months or more, or for an indefinite term","3 months or more, or indefinite",always,service_months; renewal_date; end_date,Luật Bảo vệ quyền lợi người tiêu dùng số 19/2023/QH15,Điều 3.6,-,0,0,"Crossing this definition switches on every Điều 42 duty, which is where the remedies sit","Whether the thing is a subscription in marketing terms. The threshold is the term, not the billing cycle","Công báo số 865+866, 30-07-2023",https://congbao.chinhphu.vn/van-ban/luat-so-19-2023-qh15-39843.htm,2026-07-31
a-continuous-service-contract-is-written-and-handed-over,renewal,Hợp đồng cung cấp dịch vụ liên tục phải được lập thành văn bản và cung cấp cho người tiêu dùng 01 bản,"A continuous-service contract has to be in writing, and the consumer gets one copy",at signup,service_months is 3 or more,contract_in_writing,Luật Bảo vệ quyền lợi người tiêu dùng số 19/2023/QH15,Điều 42.1,-,0,0,"Điều 38.3 remedies where required information was missing, and Điều 25 voids terms the law forbids",Whether a click-through counts as văn bản; the electronic transactions law answers that and is not in this corpus,"Công báo số 865+866, 30-07-2023",https://congbao.chinhphu.vn/van-ban/luat-so-19-2023-qh15-39843.htm,2026-07-31
renewal-notice-at-least-seven-working-days-out,renewal,Phải thông báo cho người tiêu dùng về việc nộp phí để tiếp tục sử dụng dịch vụ theo cách thức đã thỏa thuận tối thiểu 07 ngày làm việc trước ngày hết hạn sử dụng dịch vụ,The notice to pay to keep the service has to reach the consumer in the agreed manner at least seven working days before the service expires,7 working days before expiry,service_months is 3 or more,renewal_date; renewal_notice_date,Luật Bảo vệ quyền lợi người tiêu dùng số 19/2023/QH15,Điều 42.2.đ,-,0,0,"A renewal charged without the notice is a charge the consumer can dispute, and Điều 42.3 lets them leave and pay only for use","Public holidays. Ngày làm việc excludes them as well as weekends, and Tết is lunar, so the calendar date has to move earlier by however many fall in the window","Công báo số 865+866, 30-07-2023",https://congbao.chinhphu.vn/van-ban/luat-so-19-2023-qh15-39843.htm,2026-07-31
contract-end-notice-at-least-seven-working-days-out,exit,Phải thông báo cho người tiêu dùng về thời điểm kết thúc hợp đồng theo cách thức đã thỏa thuận tối thiểu 07 ngày làm việc trước ngày hợp đồng kết thúc,"The consumer has to be told when the contract ends, in the agreed manner, at least seven working days before it does",7 working days before the end date,service_months is 3 or more,end_date; end_notice_date,Luật Bảo vệ quyền lợi người tiêu dùng số 19/2023/QH15,Điều 42.2.e,-,0,0,"The same dispute route as the renewal notice, and the same Điều 42.3 exit","Whether silence renews the contract. This article is about telling them, not about the term","Công báo số 865+866, 30-07-2023",https://congbao.chinhphu.vn/van-ban/luat-so-19-2023-qh15-39843.htm,2026-07-31
cancel-at-any-time-and-pay-only-for-use,exit,"Trừ trường hợp các bên có thỏa thuận khác, người tiêu dùng có quyền đơn phương chấm dứt hợp đồng cung cấp dịch vụ liên tục tại bất kỳ thời điểm nào và chỉ phải thanh toán phần dịch vụ đã sử dụng","Unless the parties agreed otherwise, the consumer may end a continuous-service contract at any moment and pays only for the part they used",any time,service_months is 3 or more,lockin_months,Luật Bảo vệ quyền lợi người tiêu dùng số 19/2023/QH15,Điều 42.3,-,0,0,"Unilateral termination at any time, with the balance repayable under Điều 38.4 timing",A term that survives Điều 25. A lock-in is a thỏa thuận khác only if it is not one of the clauses that article forbids,"Công báo số 865+866, 30-07-2023",https://congbao.chinhphu.vn/van-ban/luat-so-19-2023-qh15-39843.htm,2026-07-31
no-message-after-the-declared-retention-period,winback,Phải hủy bỏ thông tin của người tiêu dùng khi hết thời hạn lưu trữ đã nêu tại quy tắc bảo vệ thông tin,The consumer's information has to be destroyed once the retention period stated in the published rule runs out,at the declared retention period,always,retention_months_declared; max_delay_months,Luật Bảo vệ quyền lợi người tiêu dùng số 19/2023/QH15,Điều 20.3,-,0,0,"Holding the record past the declared period is collection outside the law under Điều 10.1.m, and the consumer can demand deletion under Điều 20.1","A period the law picks for you. It binds you to the one you published, which is why a win-back at month eighteen against a twelve-month policy is the ordinary way this breaks","Công báo số 865+866, 30-07-2023",https://congbao.chinhphu.vn/van-ban/luat-so-19-2023-qh15-39843.htm,2026-07-31
the-consumer-can-demand-deletion-mid-flow,winback,"Người tiêu dùng có quyền yêu cầu kiểm tra, chỉnh sửa, cập nhật, hủy bỏ, chuyển giao hoặc ngừng chuyển giao thông tin; tổ chức kinh doanh phải thực hiện hoặc cung cấp công cụ để người tiêu dùng tự thực hiện","The consumer may require their information to be checked, corrected, updated, deleted, transferred or held back from transfer, and the business either does it or hands them the tools to do it themselves",on request,always,has_self_service_deletion,Luật Bảo vệ quyền lợi người tiêu dùng số 19/2023/QH15,"Điều 20.1, Điều 20.2",-,0,0,"The request itself is the remedy, and ignoring it is collection outside the law under Điều 10.1.m","A response deadline. This article names none, which is not the same as there being time","Công báo số 865+866, 30-07-2023",https://congbao.chinhphu.vn/van-ban/luat-so-19-2023-qh15-39843.htm,2026-07-31
a-breach-notice-goes-out-inside-twenty-four-hours,service,"Trường hợp hệ thống thông tin bị tấn công làm phát sinh nguy cơ mất an toàn thông tin của người tiêu dùng, phải thông báo cho cơ quan quản lý nhà nước có thẩm quyền trong thời hạn 24 giờ kể từ thời điểm phát hiện","Where the information system is attacked and consumer information is put at risk, the competent state authority has to be told within 24 hours of detection",24 hours from detection,always,has_breach_runbook,Luật Bảo vệ quyền lợi người tiêu dùng số 19/2023/QH15,Điều 19.3,-,0,0,Điều 19.2 obliges you to receive and resolve the consumer's own complaint about it,"Telling the consumer. This article names the authority, and the cybersecurity law carries the rest; it is not in this corpus","Công báo số 865+866, 30-07-2023",https://congbao.chinhphu.vn/van-ban/luat-so-19-2023-qh15-39843.htm,2026-07-31
