look_id,name_vi,name_en,family,origin,skin_finish,coverage_texture,brows,eyeshadow,liner_lashes,cheeks,contour_highlight,lips,palette_retouch,signature_tell,confused_with,discriminator,photographs_as,use_when,avoid_when,evidence_grade,source
kr-mul-gwang,Da căng bóng ướt (mul-gwang),Mul-gwang water glow,korean,"Seoul, mid-2010s onward","Wet specular sheen on forehead, cheekbone, nose bridge and chin; the highlight travels as the head turns","Sheer, pressed in by hand rather than buffed; pores, peach fuzz and tonal variation all left visible","Soft straight, front diffused with pencil, tail lifted only a few degrees","One warm coral or peach wash on the lid only, no crease work; shimmer reads wet, not glittery","Tightline only, no wing; lashes curled and individually separated, never clustered","High translucent coral drifting toward the temple, with no defined edge anywhere","No contour. The highlight is the base itself, not a product laid over it","Coral or peach tint, blurred outer edge, gloss on the centre third only","Warm neutral, mid contrast, texture protected; retouch takes blemishes and nothing else","The glow is continuous with the base, so there is no line where the shine begins",us-glass-skin,Ask where the glow stops. Mul-gwang has no boundary; a glass-skin highlight is a stripe laid on top and you can see its edge,Needs one large soft source or the sheen shatters into hot dots; bare flash blows it out entirely,"Serum, cushion, sunscreen, ampoule — anything whose proof is the skin itself","Matte foundation, setting powder or oil-control claims; the base argues against the product",craft-heuristic,"Recall, unverified 2026-07-30; check against Korean brand education decks and Allure Korea base features"
kr-no-makeup,Trang điểm như không trang điểm,Korean no-makeup makeup,korean,"Seoul, late 2000s; the ancestor of most clean lanes","Satin, nearly flat, with a faint sheen only on the inner cheek","Sheer to light, spot-corrected rather than covered; freckles and nose redness left in","Brushed upward, filled only in the sparse third, never outlined","Skin-tone or milk-tea matte across the lid, one step deeper in the outer corner","Brown tightline between the lashes, invisible at arm's length; mascara at the upper lash root only","Barely-there peach on the apple, the strength of a blush rather than of a product","Neither. Structure comes from the light, not from pigment","Balm or MLBB tint one step warmer than the natural lip, no edge work","Neutral, low contrast, commercial cleanup capped at blemish removal",Every product is present and none is identifiable; the face reads rested rather than made up,us-clean-girl,Look at the brow and the cheek. Korean no-makeup leaves the brow soft and the blush almost absent; clean girl laminates the brow and places the blush high on purpose,Reads as nothing unless the light does the work; wants a defined key or the face goes flat,"Skincare, dermatology, clinic, pharmacy — anywhere visible makeup would undercut the claim","Colour cosmetics, where the product cannot be seen and so the ad has no subject",craft-heuristic,"Recall, unverified 2026-07-30; check against Korean skincare campaign archives 2008-2015"
kr-aegyo-sal,Mắt có ngoạ tàm (aegyo-sal),Aegyo-sal under-eye,korean,"Seoul idol styling, 2010s","Satin base, kept deliberately dry under the eye so the drawn shadow reads","Light to medium, but the under-eye is left uncovered on purpose",Straight and soft; an arch fights the roundness the technique is buying,"Warm pink or peach on the lid, then a thin matte taupe line under the lower lash faking the fold, blended downward only","Tightline above, nothing on the waterline; lower lashes coated at the root so the shadow has something to sit against",Pink placed high and close to the under-eye so it reads together with the fold,"Pearl highlight on the ridge itself, which is what turns a smudge into a bump","Gradient tint, centre-loaded, blurred edge","Warm, mid contrast; never smooth the drawn fold away in retouch","A soft horizontal shadow under the lower lash with a highlight above it, so the eye reads rounder",us-under-eye-blush,Aegyo-sal is a shadow plus a highlight forming a ridge; under-eye blush is one wash of colour with no highlight and no edge,"Collapses under a high key, which fills the shadow; wants the key slightly above eye level, not overhead","Youth, idol, campus, cute-coded product; anything selling approachability","Authority, clinical or luxury positioning, and subjects over roughly 35 where it reads as an error",craft-heuristic,"Recall, unverified 2026-07-30; check against Korean idol tutorials and Pony Syndrome breakdowns"
kr-gradient-lip,Môi loang tâm điểm,Korean gradient lip,korean,"Seoul, early 2010s; the most exported single Korean technique","Satin to luminous, kept plain because the lip is the whole event","Light, with the natural lip border concealed so the gradient has room to fade","Soft straight, low contrast","Muted, one tone, in the same hue family as the lip",Minimal; a wing steals the attention the lip needs,"A wash echoing the lip colour, on the apple",Light and diffuse only,"Densest colour at the centre of both lips fading to nothing before the border; the outer edge is concealed, not lined","Warm, mid contrast, gradient preserved through retouch",The lip has no visible border at all and the colour is strongest in the middle,us-overlined-lip,"Follow the lip edge. A gradient fades out before the border; an overline crosses it. One hides the outline, the other invents one",Loses the gradient at small sizes and low resolution; on a thumbnail it just reads as a small mouth,"Tint, lip stain, cushion lip, youth and idol positioning","Lipstick whose pay-off is full opaque colour, or any shot that will be seen small",industry-primary,"Recall, unverified 2026-07-30; the technique is named and taught in Korean tint launches — check 3CE and Etude House education"
kr-hanbok-classic,Trang điểm hanbok cổ điển,Hanbok classical,korean,Korean period drama and ceremonial styling,"Powdered, deliberately matte and a touch lighter than the neck, which is period-coded rather than an error","Full and even, texture suppressed on purpose","Soft, straight, set low, drawn to a fine tail; never modern and arched","Almost none, or a flat pale wash; the era did not build a lid","A thin dark line at the lash root only, no wing, lashes left natural","A round red circle on the apple, saturated, edge only half blended",Neither. Flatness is the intended reading,"Small red centre well inside the natural border, matte, hard edge",Cool-leaning white against a single saturated red; high contrast between the three tones,"Three flat elements only — white face, round red cheek, small red lip — with nothing sculpted between them",jp-classical-white,"Count the reds. Hanbok uses a round cheek circle and a small centred lip; Japanese classical whitens further, leaves the cheek nearly bare, takes the lip smaller still and leaves the nape deliberately unpainted","Flat and graphic under any light, which is the point; do not add a rim light trying to rescue dimension","Heritage, festival, cultural editorial, period product","Contemporary beauty, unless the brief is explicitly a historical reference",inferred,"Recall, unverified 2026-07-30; characterised from period-drama styling, not from a primary source on Joseon cosmetics — verify before publishing any historical claim"
kr-idol-stage,Trang điểm sân khấu idol,Idol stage makeup,korean,"K-pop stage and music-show lighting, 2010s onward","Satin, set hard on the T-zone; glow is placed, not general, because stage light finds every wet surface","Medium to full, evened out for a camera that will be 20 metres away",Defined with a clear tail so the expression survives distance,"Saturated single hue with glitter concentrated on the centre lid, plus a bright inner-corner point","Extended liner past the outer corner, strip lashes with visible clusters, lower lashes drawn on","Strong, placed high and wide, because stage light washes colour out","Both, and both deliberately over-strength for the naked eye; the light flattens them back",Opaque satin or lacquer with a defined edge that reads at distance,"High contrast, saturated; broadcast grade rather than editorial","Everything is one step stronger than it should be in person, and correct on camera",ed-runway-graphic,Stage makeup is conventional grammar at raised volume; runway graphic is unconventional grammar at normal volume. Ask whether any single element is a shape you would not see on a street face,Correct under hard stage keys and long lenses; looks caked in daylight close-up,"Concert, performance, fan-meet, anything shot under stage lighting or from far away","Close-up beauty, skincare proof, or any daylight frame",craft-heuristic,"Recall, unverified 2026-07-30; check against music-show behind-the-scenes footage and stage-makeup interviews"
jp-igari,Má ửng như say (igari),Igari hangover blush,japanese,"Japan, named after makeup artist Shinobu Igari, 2010s","Satin, almost bare, because the cheek has to be the only saturated thing",Sheer; visible texture is part of the flushed reading,"Soft, straight, understated","Almost nothing on the lid, or the same red pulled thinly into the socket",Bare or a single root line; no wing,"Red or coral-red set high and close to the under-eye, crossing the nose bridge, edges left slightly unblended",Neither; contour would explain the structure the flush is meant to obscure,"Sheer red or bitten stain, matched to the cheek, no edge","Warm, one dominant hue repeated, mid contrast","Blush sits under the eye and over the nose bridge, higher and redder than anywhere a Western blush goes",kr-aegyo-sal,Igari is a red wash with no highlight and it crosses the nose; aegyo-sal is a shadow with a highlight above it and stays under the lash,Holds up in daylight and on phone cameras; can read as sunburn or fever under a warm grade,"Youth, playful, Japanese-coded, blush and cheek product launches","Corporate, clinical or luxury, and any market where a flushed face reads as illness",industry-primary,"Recall, unverified 2026-07-30; the look is named for a specific artist and covered in Japanese beauty press — check the attribution before printing the name"
jp-ulzzang-doll,Mắt búp bê Nhật,Japanese doll-eye,japanese,"Japanese street and magazine styling, 2000s","Soft matte to satin, even, low texture","Medium, smoothed; the look wants a doll surface rather than skin realism","Rounded and soft, set close to the eye, which shortens the forehead reading","Pale wash on the lid with a soft pink socket, occasionally a white inner-lid point","Liner thickened at the centre of the lid rather than the outer corner, plus lower-lash extensions; the eye reads round, not long","Round pink on the apple, blended soft","Highlight on the nose tip and cupid's bow; no real contour, since sculpting would undo the roundness","Small, soft pink, sometimes overdrawn at the cupid's bow only","Cool pink, low contrast, high-key","Liner is heaviest at the middle of the lid, so the eye opens rather than extends",us-cat-eye,Find the thickest point of the liner. Doll-eye thickens at the centre; cat-eye thickens at the outer third and continues past the corner,Wants high-key frontal light with a low shadow ratio; side light re-introduces the structure it removed,"Kawaii, lens and lash product, youth fashion, character collaborations","Anything selling maturity, expertise or skin health",craft-heuristic,"Recall, unverified 2026-07-30; check against Japanese street-fashion magazine archives, 2000-2012"
jp-classical-white,Trang điểm cổ điển Nhật (oshiroi),Japanese classical white,japanese,Japanese classical performing and ceremonial tradition,"Flat opaque white, matte, extended onto the neck and nape with an intentionally unpainted edge","Full opaque; no skin texture reads at all, by design","Removed or covered, then redrawn small, high and soft in charcoal or deep red",A narrow red or pink wash at the lash line and outer corner only,"Fine black line at the lash root, extended a short way; lashes natural","Nearly bare, or the faintest pink; the white is the statement",Neither. Dimension is refused on purpose,"Very small, centred well inside the natural border, saturated red, hard edge; often the lower lip only","Three tones only — white, black, red — at maximum separation","The painted white stops in a shaped line at the nape, leaving bare skin as a deliberate device",kr-hanbok-classic,Look at the hairline and nape. Japanese classical shapes an unpainted edge there and takes the lip smaller; hanbok classical paints to the hairline and puts a round red circle on the cheek,Extreme dynamic range between the white and the red; expose for the white or the lip clips,"Cultural editorial, heritage collaboration, performance documentation","Any commercial beauty use without cultural consultation; this is living ceremonial practice, not a costume",inferred,"Recall, unverified 2026-07-30; characterised from photographs, not from practitioner sources — do not publish specifics without expert review"
jp-mote-kei,Trang điểm dịu ngọt kiểu Nhật,Mote-kei soft sweet,japanese,"Japanese magazine beauty, 2010s",Satin with a soft focus; glow diffuse rather than specular,"Light to medium, evened but not erased","Soft, gently arched, brown rather than black, hair-stroked at the front","Brown-pink triple gradient on the lid, warmest at the lash line, soft into the socket","Brown liner hugging the lash line and stopping at the corner; lashes curled up, not out","Pink on the apple, medium diffusion, no draping","Very light shading under the cheekbone, pearl highlight on the high points","Rose or coral, semi-sheer, soft edge, slight gloss","Warm neutral, low to mid contrast, clean commercial retouch","Brown, not black, in every dark element; that single substitution is the whole register",kr-no-makeup,"Check whether the darks are brown or black, and whether the lid is built. Mote-kei builds a soft brown gradient on the lid; Korean no-makeup leaves the lid flat",Forgiving under most light; the low contrast can read as underexposed if the grade is also flat,"Mass-market beauty, drugstore product, office-appropriate positioning",Editorial or any brief asking for a strong point of view,craft-heuristic,"Recall, unverified 2026-07-30; check against Japanese beauty magazine archives"
cn-douyin,Trang điểm Douyin,Douyin polished,chinese,"Chinese short video, late 2010s","Satin, evened aggressively; the beauty filter is anticipated in the makeup","Full, smooth, pores suppressed","Defined, slightly arched, filled solid with a clean tail",Warm brown or pink-brown gradient with shimmer on the centre lid,"Liner extended and lifted at the outer corner, lower outer corner shaded, strip or cluster lashes weighted outward","Blush drawn up the temple as well as the cheek, which narrows the face","Both, and clearly visible: nose contour, cheekbone shading, forehead and chin highlight","Full and opaque, often overdrawn slightly, satin to velvet","High contrast, cool-clean grade, heavy smoothing","The face is narrowed by makeup — nose shaded, temples drawn in, cheek lifted — while the skin stays smooth",us-instagram-glam,Both sculpt. Douyin narrows toward the centre with cool tones and keeps the lid warm and small; Instagram glam widens the eye with a cut crease and a heavy warm outer V,Built for a front-facing phone camera at close range under a ring light; a long lens exposes the contour edges,"Chinese-market social, livestream commerce, short video","Print, editorial, or any market where visible face-slimming reads as insecure",craft-heuristic,"Recall, unverified 2026-07-30; check against current Douyin and Xiaohongshu beauty content, which drifts fast"
cn-guofeng,Trang điểm quốc phong,Guofeng neo-traditional,chinese,"Chinese neo-traditional revival, 2015 onward","Soft matte, slightly luminous on the high points","Medium to full, smooth, quiet","Long, soft, low-arched, tapering; drawn with the willow-leaf silhouette rather than a modern block","Red or plum washed from the outer corner up toward the temple, occasionally with a fine painted motif",Liner lifted and extended upward at the outer corner past the natural line; lashes fine and separated,"Diffuse red-pink swept from the outer cheek toward the temple, echoing the eye","Minimal contour, pearl on the nose bridge and cupid's bow","Small, centred, saturated red, softened at the outer edge rather than hard-lined","Red and plum on a warm ivory base, mid to high contrast","The eye colour and the cheek colour are the same red, and both sweep upward toward the temple",kr-hanbok-classic,"Guofeng lifts and extends the eye and sweeps colour to the temple; hanbok classical keeps everything flat, round and low with no upward sweep",Wants controlled soft light; the red around the eye reads as tired under hard top light,"Heritage, tea, silk, festival and lunar-new-year campaigns in Chinese-coded markets","Western mass beauty, where red around the eye reads as irritation",inferred,"Recall, unverified 2026-07-30; characterised from contemporary revival styling rather than historical sources — verify any dynasty attribution"
cn-livestream,Trang điểm livestream bán hàng,Livestream selling face,chinese,Chinese and South-East Asian livestream commerce,"Matte to satin, powdered against hours of hot key light","Full, and reapplied; longevity beats realism here",Strong and defined so expression survives compression,"Simple warm lid, minimal gradient; complexity is lost to the bitrate","Clear liner shape and dense lashes, both chosen to survive a low-resolution stream","Medium-strong, placed to survive the ring light washing the centre of the face",Light contour only. Heavy contour turns to grey patches under a ring light,"Opaque, high-contrast against the skin, because the lip carries the talking head","High contrast, warm, no subtle mid-tones; in-camera beautification assumed","Every element chosen for legibility at low bitrate under one frontal source, not for close inspection",cn-douyin,Livestream drops the face-slimming contour because a ring light kills it; Douyin keeps it because the shot is short and controlled,Correct at 720p under a ring light; flat and heavy in a still photograph,"Livestream commerce, talking-head video, long-session shoots","Stills, print, or any close beauty crop",inferred,"Recall, unverified 2026-07-30; assembled from observed livestream practice, not from a documented standard"
vn-co-ba,Trang điểm cô Ba Sài Gòn,Co Ba Saigon retro,vietnamese,"Vietnamese mid-century Saigon styling, revived in film and áo dài editorial","Soft matte, powdered, even","Medium to full, texture quieted; the era's photography was soft","Thin to medium, clearly arched, drawn with a defined tail — the single most era-specific element","Neutral or soft blue-grey wash on the lid, socket lightly deepened","Black liner along the lash line with a short lifted flick; lashes curled, mascara heavy on the upper lash","Warm rose on the cheekbone, blended toward the ear rather than the nose","Neither, or the faintest cheekbone shade; the era predates modern sculpting","Full, opaque, blue-red or brick, matte, hard-lined to the natural border","Warm, mid contrast, film-leaning grade with slightly lifted blacks","Arched thin brow plus a hard-lined matte red lip, on an otherwise soft face",era-1950s-hollywood,"The brow and the wing. Co Ba keeps the flick short and the brow thinner and higher; 1950s Hollywood runs a long heavy wing and a fuller, straighter brow",Suits soft frontal light and a warm film grade; modern hard beauty light makes the drawn brow look pasted,"Áo dài, Tết, heritage F&B, Vietnamese period editorial, local-pride positioning","Contemporary clean beauty, or when the product is skincare",inferred,"Recall, unverified 2026-07-30; characterised from Vietnamese period film and áo dài editorial, not from primary mid-century sources"
vn-bridal-traditional,Trang điểm cô dâu truyền thống Việt,Vietnamese traditional bridal,vietnamese,Vietnamese wedding and áo dài ceremony practice,"Satin, set to survive heat and a full day; glow placed on the cheekbone only","Full, evened, engineered for flash photography rather than for daylight realism","Defined, softly arched, filled to a clean tail; groomed rather than fashionable","Warm bronze, peach or rose gold with shimmer on the lid and a deepened outer corner","Defined liner with a lifted outer corner, strip lashes, lower lash line softly shaded","Warm rose or coral on the cheekbone, medium strength, well blended","Both, moderate, with the highlight kept off the forehead where flash finds it","Opaque rose, coral or red with a defined edge, satin finish, chosen to hold through the day","Warm, mid-high contrast; retouch keeps the family resemblance intact","Built for direct flash and a long day: nothing wet on the forehead, everything set, edges deliberately soft",us-soft-glam,"Bridal is soft glam engineered for flash and duration — set forehead, no wet highlight, stronger lip. Soft glam assumes controlled light and can afford a dewy T-zone","Correct under on-camera flash, which is how most of the day will be shot; slightly heavy in soft daylight","Wedding studio, áo dài rental, bridal service marketing","Editorial or skincare work, where the setting powder reads as heavy",craft-heuristic,"Recall, unverified 2026-07-30; check against Vietnamese wedding studio portfolios and bridal artist interviews"
us-clean-girl,Mặt mộc kiểu tối giản,Clean girl,western-commercial,"Western social media, 2021 onward",Luminous but not wet; a controlled sheen on the cheekbone and nowhere else,"Sheer, skin tint rather than foundation; freckles kept and sometimes drawn on","Laminated — brushed up and held, dense, deliberately slightly unruly. The load-bearing element","None, or a single cream neutral smudged with a finger","No liner; lashes curled and coated once, kept separated","Cream blush high on the cheekbone, blended toward the temple","Cream bronzer where the sun would land, liquid highlight on the cheekbone only",Nude-brown liner drawn near the natural border with a clear gloss over it,"Warm neutral, mid contrast, texture kept — the retouch has to look unretouched","A laminated brow above a bare lid, with the whole face's structure coming from cream bronzer",kr-no-makeup,"The brow settles it. Clean girl laminates it up into a visible block; Korean no-makeup leaves it soft and unstyled. Clean girl also uses a lip liner, which no-makeup never does",Built for daylight and a front-facing phone; the cream products go patchy under hard flash,"Skin tint, cream blush, brow gel, lip oil; wellness and minimal-brand positioning",Any market where an obviously worked brow reads as trying too hard,industry-primary,"Recall, unverified 2026-07-30; the term is documented in Western beauty press from 2021 — check attribution and the criticism of it as a rebrand of existing practice"
us-glass-skin,Da bóng như kính,Glass skin (Western reading),western-commercial,"Western adaptation of a Korean term, 2017 onward","Very high shine applied as distinct highlight placements, with visible boundaries between shine and matte","Medium, smoothed; the surface is treated as glass rather than as skin","Groomed and defined, secondary","Minimal, often a wash of the same highlighter",Light; the base is the subject,"Sheer, sometimes skipped so nothing interrupts the shine","Liquid or balm highlight on the cheekbone, nose bridge, cupid's bow, brow bone and chin, each as a placed shape","Gloss, usually clear or a sheer nude","Cool-clean grade, high contrast, aggressive smoothing","You can see where each highlight starts and stops, because they are placements rather than a finish",kr-mul-gwang,Edges. Glass skin has visible highlight boundaries; mul-gwang has none because the glow is the base. This is the most common misidentification in the whole table,Wants a large soft source at an angle; frontal light flattens the placements into grey smears,"Highlighter, primer, gloss, illuminating product","Skincare efficacy claims — the shine is provably a product, not a skin condition",myth-adjacent,"Recall, unverified 2026-07-30; the Western usage detached from the Korean original, so the label predicts a look poorly — verify what a given brief means before executing it"
us-instagram-glam,Glam Instagram,Instagram glam,western-commercial,"Western social beauty, 2014-2019, now dated","Matte, heavily set, with highlight placed as a hard stripe","Full, baked under the eye and along the jaw; texture entirely gone","Sharply outlined with concealer, filled solid, with the front squared off — the Instagram brow",Cut crease: a hard concealer line above the socket with a dark warm outer V below it and shimmer on the lid,"Long sharp black wing, dense strip lashes, lower lash line lined and smoked","Strong, placed on the cheekbone and up to the temple","Both at maximum: nose narrowed with two lines, cheekbone shaded hard, highlight baked and striped","Overlined past the natural border, matte liquid, dark liner into a lighter centre","High contrast, warm, heavy smoothing and reshaping",A hard concealer line above the crease and a highlight stripe with an edge you can trace,cn-douyin,"Instagram glam widens the eye with a cut crease and an overlined lip; Douyin narrows the whole face and keeps the eye small and warm. One inflates features, the other shrinks them",Designed for a ring light and a phone; a long lens under soft light shows every product edge,"Only when a period reference to the late 2010s is wanted, or the brief is explicitly maximalist","Anything current. This look now dates a campaign to a specific era, which is a positioning cost",craft-heuristic,"Recall, unverified 2026-07-30; the era is well documented in beauty press retrospectives — check before calling it dead in a specific market"
us-soft-glam,Glam dịu,Soft glam,western-commercial,"Western bridal and event makeup, 2019 onward","Satin, dewy on the cheekbone, set on the T-zone",Medium to full but blended to look thinner than it is,"Defined, softly arched, brushed rather than outlined","Neutral warm gradient in the socket with shimmer on the centre lid; the crease is soft, never cut","Soft brown or black liner smudged into the lash line, small wing or none, natural-density lashes","Warm rose or peach on the cheekbone, well diffused","Both, restrained; cream rather than powder so the edges stay soft","Nude-rose to mauve, satin, lined at the natural border","Warm neutral, mid contrast, clean commercial retouch",Every element of glam is present and no edge is hard anywhere,vn-bridal-traditional,Look at the forehead and the lip strength. Soft glam allows a dewy T-zone and keeps the lip nude; Vietnamese bridal sets the forehead flat for flash and pushes the lip to full colour for the day,"The most forgiving look in the table; works in daylight, studio and soft flash","Event, bridal, corporate portrait, presenter, anything that has to be safe","When the brief asks for a point of view. This is the default, and defaults do not differentiate",craft-heuristic,"Recall, unverified 2026-07-30; check against event and bridal artist portfolios"
us-overlined-lip,Môi vẽ tràn viền,Overlined lip,western-commercial,"Western social beauty, 2014 onward",Any; the lip is the device,"Medium to full, with the natural lip border concealed so the new line reads clean","Defined, usually to match the lip's deliberateness","Restrained, so the lip stays the subject",Moderate,"Moderate, often in the lip's hue family","Highlight on the cupid's bow, which sells the overline as structure","Liner drawn past the natural border, heaviest at the cupid's bow and the lower centre, filled to full opacity",Mid to high contrast; the lip edge stays sharp in retouch,The lip colour crosses the natural border and there is a faint concealer halo where the real edge was,kr-gradient-lip,"Which side of the border the colour is on. Overlined crosses it, gradient stops short of it. Opposite techniques that get filed under the same word, full lip","Reads at any size, which is why it survived; the concealer halo shows under hard light","Lip liner, lipstick, plumping product, and any shot that will be seen small","Skincare, natural positioning, or older audiences where it reads as a filter aesthetic",craft-heuristic,"Recall, unverified 2026-07-30; widely documented — check whether the current market reads it as dated"
us-under-eye-blush,Má hồng dưới mắt,Under-eye blush,western-commercial,"Western social beauty, 2022 onward, borrowed from Japanese practice","Satin, kept simple",Sheer to light; the under-eye is left uncorrected so the colour reads clean,"Soft, brushed up","None, or the blush itself carried onto the lid",None or minimal,"Blush placed directly under the eye and up onto the eyelid, higher than any conventional placement","Neither, usually; contour would fight the flatness","Tinted, in the same hue family","Warm or cool depending on the hue, low contrast",One wash of colour under the eye with no highlight and no visible edge,jp-igari,Igari crosses the nose bridge and runs red; under-eye blush stays inside the eye socket area and is usually pink or peach. Igari is also the original — this is its Western reading,Reads as tiredness or allergy under a cool grade; needs a warm grade to read as intended,"Cream and liquid blush launches, minimal beauty, youth positioning",Older subjects and any market where redness under the eye reads as unwell,craft-heuristic,"Recall, unverified 2026-07-30; the borrowing from igari is documented in beauty press — credit it rather than presenting the look as new"
ed-runway-graphic,Kẻ mắt đồ hoạ sàn diễn,Runway graphic,editorial,Fashion week backstage and beauty editorial,Whatever contrasts with the device — usually bare and matte so the graphic reads as paint,"Sheer or none; the skin is a ground, not a subject","Often bleached, blocked out or ignored entirely so they do not compete","One graphic device only: a floating line, a colour block, a wing detached from the lash, a painted shape","The graphic is the liner. Lashes bare, or extended into the graphic as part of the shape",Usually bare,Neither. Sculpting reads as commercial and undoes the intent,"Bare, or a second graphic in the same colour system","High contrast, colour-accurate; the retouch protects the paint edge and the bare skin equally","One shape appears on the face that does not exist on any street face, and everything else is bare",kr-idol-stage,Ask if any element is an unconventional shape. Runway breaks the grammar once and leaves the rest empty; idol stage keeps every convention and raises the volume of all of them,"Wants hard, direct, controlled light so the paint edge stays crisp; soft light turns a graphic into a smudge","Brand statement, launch key visual, fashion collaboration, art direction that needs to be talked about",Performance advertising and conversion work; a device that stops the scroll can also stop the sale,craft-heuristic,"Recall, unverified 2026-07-30; check against Vogue and Dazed backstage beauty coverage"
ed-wet-editorial,Mặt ướt kiểu tạp chí,Wet editorial,editorial,Beauty editorial and fragrance advertising,"Genuinely wet — gel, glycerin or water on the skin, with real droplets and real specular points","Minimal to none; the water is the finish and it has to sit on skin, not on foundation","Slicked, sometimes with gel visible, following the wet logic",Gloss or gel on the lid rather than pigment; may crease and that is allowed,Bare or wet-clumped on purpose; separation is not the goal here,Bare or a stain that survives water,None applied. The water supplies every highlight,"Gloss or balm, heavy","Cool or neutral, high contrast, specular highlights protected — do not clone out the droplets","Individual droplets with their own tiny highlights, and product that has visibly moved",kr-mul-gwang,Look for discrete droplets and for pigment that has run. Mul-gwang is a dry-to-touch sheen; wet editorial is actually wet,Needs a hard small source or the droplets lose their highlights and read as blotchy skin,"Fragrance, water-based skincare, swim, sport, summer campaigns","Long-wear, transfer-proof or oil-control claims, which the frame contradicts",craft-heuristic,"Recall, unverified 2026-07-30; check against fragrance campaign archives and beauty editorial"
ed-monochrome,Một sắc trên toàn mặt,Monochrome tonal,editorial,"Beauty editorial, recurring since the 1960s","One consistent finish across the whole face, chosen to let the single hue read","Medium and even, so the hue is not disturbed by tonal variation","Often tinted into the hue family, or blocked out entirely","The hue, on the lid and into the socket","The hue again, if liner is used at all","The hue, placed conventionally",Only where it supports the hue; usually a single pearl of the same family,"The hue once more, at a different texture — matte lip against a shimmer lid, or the reverse","One hue family, contrast carried by texture rather than by colour","Eye, cheek and lip are all the same colour and only the finish changes between them",ed-runway-graphic,Monochrome repeats one colour across conventional placements; runway graphic puts one unconventional shape somewhere and leaves the rest bare,"Needs accurate colour management, because the whole look is one hue and a grade shift ruins it","Palette launches, colour-story campaigns, brand-colour key visuals","Flat colour with no texture variation, which reads as a costume rather than as makeup",craft-heuristic,"Recall, unverified 2026-07-30; check against 1960s and contemporary beauty editorial"
ed-skin-first,Ưu tiên chất da,Skin-first editorial,editorial,Contemporary beauty editorial reacting against heavy retouch,"Real: sheen where the face is naturally oily, dry where it is dry, no evening out","None to sheer. Pores, scars, texture, blemishes and tonal shifts all stay",Groomed only,"None, or a barely-there cream",Bare,"None, or a stain",Neither,Balm,"Neutral, mid contrast; retouch limited to dust and stray hair. Removing texture defeats the entire brief",Visible pores and real tonal variation in a professionally lit frame — the difficulty is deliberate,kr-no-makeup,"Korean no-makeup evens the skin and hides the work; skin-first refuses to even it. One conceals effort, the other refuses the concealing","Unforgiving. Needs a large soft source and a long lens, and it will show every base fault","Dermatology, honest-beauty positioning, texture-led skincare, campaigns claiming realness","Foundation and concealer, whose whole promise is the coverage this look declines",craft-heuristic,"Recall, unverified 2026-07-30; check against recent beauty editorial and honest-beauty campaign coverage"
era-1920s,Trang điểm thập niên 1920,1920s flapper,era,Western 1920s,"Flat matte, pale, powdered",Full and even; the era's film stock demanded it,"Very thin, drawn straight or downturned, extended past the natural end","Dark grey, green or plum smudged around the whole eye socket, round rather than lifted","Kohl smudged all round including the lower lid; lashes heavily blacked, clumping accepted","Round, placed low on the apple, quite saturated",Neither,"Cupid's-bow shape drawn small and rounded well inside the corners, deep red, matte","Low colour, high contrast; suits a monochrome or heavily desaturated grade",Downturned thin brow plus a small rounded cupid's-bow lip that does not reach the mouth corners,era-1950s-hollywood,The lip corners. The 1920s lip stops well short of them; the 1950s lip fills them and often overdraws,"Built for orthochromatic film, so it reads oddly heavy in colour; grade toward monochrome","Period editorial, jazz-age events, heritage spirits and hospitality",Contemporary beauty of any kind,craft-heuristic,"Recall, unverified 2026-07-30; check against period photography and costume-makeup references"
era-1950s-hollywood,Cổ điển Hollywood 1950,1950s Hollywood,era,Hollywood studio era,"Soft matte, even, with a faint powdered glow","Full, smoothed, texture quieted for the studio lens","Full, defined, arched with a clean tail; darker than the hair","Neutral or soft taupe in the socket, pale on the brow bone","Long black wing extending well past the outer corner and lifting; dense lashes, sometimes with a corner cluster","Rose on the cheekbone, blended toward the ear",Light shading under the cheekbone; highlight on the brow bone and cupid's bow,"Full, hard-lined, opaque blue-red, matte to satin, corners filled and often slightly overdrawn","Warm, high contrast; the grade should tolerate a strong red",A long lifted wing and a hard-edged full red lip on a soft matte face,vn-co-ba,Brow weight and wing length. Hollywood runs a full dark brow and a long wing; Co Ba Saigon keeps the brow thin and high and the flick short,Made for the studio key-plus-fill of the era; suits Rembrandt light and a warm grade,"Luxury, heritage, red-lipstick launches, glamour editorial","Youth and clean positioning, where it reads as costume",craft-heuristic,"Recall, unverified 2026-07-30; check against studio-era stills and makeup-history references"
era-1960s-mod,Mắt mod thập niên 1960,1960s mod eye,era,"London, 1960s","Flat matte, pale, deliberately undifferentiated",Full and even; the face is a background for the eye,"Soft, natural to slightly defined, kept quiet","Pale lid with a dark crease line painted above the natural socket, in the fold's place rather than in the fold — the cut crease's ancestor","Heavy upper liner, top and bottom lashes drawn on as separate spikes, sometimes with a white lower lid",Minimal or none,Neither,"Pale nude or beige, near-invisible, matte","High contrast, low saturation; black and white plus skin","A painted crease line sitting above the real socket, with drawn lower lashes and a blanked-out mouth",us-instagram-glam,Both cut the crease. Mod pairs it with a pale lip and no contour; Instagram glam pairs it with an overlined dark lip and heavy sculpting,"Graphic and flat, which is correct; a soft beauty light weakens it","Fashion heritage, eyewear, graphic brand worlds, retro collaborations","Any brief where the mouth matters, because this look removes it",craft-heuristic,"Recall, unverified 2026-07-30; check against 1960s fashion photography and Twiggy-era coverage"
era-1980s,Trang điểm thập niên 1980,1980s power,era,Western 1980s,"Matte, powdered",Full,"Thick, strong, barely groomed, straight to softly arched","Two or three saturated colours stacked from lash line to brow bone — blue, purple, teal — blended upward and outward with a hard outer edge","Bright or black liner top and bottom, sometimes coloured on the waterline; dense mascara","Bright pink or coral striped diagonally from the cheekbone up to the temple, edge visible",Little contour; highlight on the brow bone in a frosted white,"Bright fuchsia, coral or red, glossy or frosted, full and lined","Saturated, high contrast, warm",A diagonal blush stripe up to the temple with stacked colour blocks on the lid,ed-monochrome,Count the hues. The 1980s stacks several unrelated bright colours; monochrome repeats exactly one,"Loud under any light, which is authentic; hard flash suits it","Retro editorial, music and nightlife, deliberately maximalist campaigns","Any current beauty positioning, unless the irony is the point",craft-heuristic,"Recall, unverified 2026-07-30; check against 1980s magazine and album-art references"
era-1990s-grunge,Trang điểm grunge thập niên 1990,1990s grunge,era,Western 1990s,"Matte, slightly sallow, deliberately not glowing",Medium; under-eye shadow left visible or even deepened,"Thin, over-plucked, high-arched — the period's most dating feature","Brown, plum or grey smudged around the socket and the lower lid, edges left rough","Dark liner smudged into and below the lash line, worn-looking; lashes coated but not styled","Little or none, or a cool brown sweep that reads as shadow",Neither. Matteness throughout,"Brown, brick or deep plum, matte, hard-lined with a darker liner and a lighter fill","Desaturated, cool-brown, mid contrast, faintly underexposed","Thin high brow plus a hard-lined brown lip on a matte, deliberately tired face",ed-skin-first,"Grunge adds product to look tired; skin-first removes product to look real. One is a styling choice, the other is a refusal",Suits available light and film grain; studio beauty light removes the point,"Fashion nostalgia, music, streetwear, anti-glamour positioning",Beauty efficacy claims of any kind,craft-heuristic,"Recall, unverified 2026-07-30; check against 1990s fashion editorial and Corinne Day-era photography"
in-bridal-classic,Cô dâu Nam Á cổ điển,South Asian classical bridal,south-asian,South Asian wedding practice,"Satin, set on the T-zone, built to survive heat, hours and direct flash","Full, evened, with the neck, ears and chest matched because all three will be in frame","Strongly defined, arched, filled solid","Saturated jewel tones — gold, copper, emerald, deep red — with glitter or foil on the lid and a heavy blended outer V","Black kohl on the waterline and a defined winged liner; dense strip lashes, lower lash line lined","Warm rose or terracotta on the cheekbone, medium to strong","Both, clearly present; highlight kept off the forehead where flash finds it","Opaque red, berry or nude depending on the outfit, defined edge, long-wear finish","Warm, high contrast, gold-tolerant grade; retouch must not lighten the skin","Kohl on the waterline plus foiled jewel-tone lid, matched to a specific outfit rather than to a season",me-arabic-glam,Where the weight sits. South Asian bridal loads the lid with foil and colour keyed to the outfit; Arabic glam loads the outer corner and the lash line with a long blended smoke and usually a nude lip,Correct under direct flash and warm venue light; the foil needs a light source with some hardness to sparkle at all,"Bridal services, jewellery, textile and event marketing in South Asian markets","Everyday product positioning, and never lighten the skin tone in the grade",inferred,"Recall, unverified 2026-07-30; characterised from bridal portfolios rather than practitioner sources — have a regional artist review before publishing"
me-arabic-glam,Glam Ả Rập,Arabic glam,middle-eastern,Gulf and Levant beauty practice,"Satin, flawless, set; the base is expected to be perfect","Full, seamless, with a matched neck and a carefully blended jaw","Sharply defined with a clean tail and a straight front, often the strongest brow in the table","Deep blended smoke concentrated on the outer corner and running up toward the temple, often bronze, plum or charcoal, with shimmer on the centre lid","Heavy kohl inside the waterline, a long extended wing, dense multi-layer lashes; the lower lash line smoked to meet the wing","Bronzed rather than pink, placed along the cheekbone","Both, strong and precisely blended — the technical benchmark for sculpting in this table","Nude to rosewood, satin or matte, lined; the lip yields to the eye","Warm neutral, high contrast, sculpting protected in retouch","An extended outer-corner smoke that lifts toward the temple, above a deliberately quiet nude lip",us-instagram-glam,"The crease. Arabic glam blends the socket into a long smoke with no hard line; Instagram glam cuts the crease with concealer. Also the lip: nude here, overlined there",Holds up in close beauty crops because the blending is genuinely seamless; wants a soft key with a defined shadow side,"Gulf-market beauty, fragrance, luxury and event campaigns",Minimal or natural positioning; also check regional modesty and imagery norms before shooting,inferred,"Recall, unverified 2026-07-30; characterised from regional beauty media — verify with a regional artist and check local advertising norms"
af-deep-skin-editorial,Editorial cho da sâu màu,Deep-skin editorial,technical-inclusive,Contemporary beauty editorial correcting a documented industry failure,"Luminous, with the sheen placed where the bone is and nowhere flat, because deep skin shows a badly placed highlight instantly","Sheer to medium in a shade matched by undertone rather than by depth; an ashy or grey cast means the undertone is wrong, not the depth",Defined to taste; the register is set by the eye and lip,"Saturated pigment, because sheer washes disappear entirely — jewel tones, metallics and true brights all read where pastels do not",High-contrast liner if used; a mid-brown liner vanishes,"Berry, brick, terracotta or true red at genuine saturation; a pale pink turns chalky","Contour in a warm deeper tone, never grey; highlight in gold or copper, never a cool pearl, which reads as ash",Full saturation in any hue; deep skin carries a true red and a bright orange that lighter skin cannot,"Protect the undertone above all. Do not lighten, do not desaturate the skin, do not lift the shadows into grey",Nothing about the look is a style — it is the same grammar executed with pigment loads and undertones that actually work,us-soft-glam,"Not a rival look. This row exists because soft glam executed with default products fails on deep skin, and the failure gets blamed on the model","Needs more exposure latitude and often a second fill; metering for a mid-tone underexposes deep skin, which is the most common technical fault in beauty photography","Any campaign with deep-skin subjects, which should be most of them",Never avoid. The row to skip is the one that pretends a default palette is universal,craft-heuristic,"Recall, unverified 2026-07-30; the underexposure and grey-contour failures are widely documented — check Nyome and Fenty-era coverage plus a working artist"
sea-luminous-humid,Trang điểm hợp khí hậu ẩm,South-East Asian humidity-proof luminous,south-east-asian,"Practical adaptation across Vietnam, Thailand, Malaysia, Indonesia and the Philippines","Satin, set on the T-zone, with glow placed as product on the cheekbone rather than as a general dew","Light to medium, thin layers, because a heavy base slides within an hour",Waterproof and defined; a pencil brow is the first thing humidity removes,"Cream or gel that grips, or powder over a primer; loose glitter is a mistake here","Waterproof and tubing formulas assumed; tightline rather than a wing, which smudges into the crease",Cream under powder so the colour survives a sweat,"Light, cream-based; powder contour in humidity streaks","Tint or stain rather than lipstick, so it survives eating and heat","Warm, mid contrast; retouch expects visible sheen and should not flatten it","Every formula choice is driven by 80% humidity, and the look is designed to fail gracefully",kr-mul-gwang,"Mul-gwang wants the base wet everywhere; this sets the T-zone flat and places glow only on bone, because in this climate an all-over dew becomes shine within the hour",Honest in daylight; expect to shoot early and to retouch actual sweat rather than pretend it away,"Vietnamese and regional shoots, outdoor location work, long-wear and sunscreen claims",Studio-controlled dewy beauty where the humidity constraint does not apply,inferred,"Recall, unverified 2026-07-30; assembled from regional practice and climate constraints, not from a published standard"
us-bronzed-sunkissed,Da rám nắng,Bronzed sun-kissed,western-commercial,"Western summer beauty, recurring","Satin with a warm sheen concentrated on the cheekbone, nose bridge and shoulder","Sheer to medium, warm-shifted; the neck, ears and chest must match or the tan reads as a mask","Soft, brushed up, warm brown","Bronze or copper wash on the lid, nothing in the crease",None or brown; lashes coated once,"Warm coral or terracotta over the bronzer, placed high","Bronzer used as both, following where sun would actually fall — temple, cheekbone, jaw, nose bridge","Warm nude, caramel or peach, gloss or balm","Warm, mid contrast; faux freckles kept in retouch if present","Warmth follows a plausible sun path rather than a contour map, and the body matches the face",us-latte,Bronzed places warmth where sun lands and leaves the eye simple; latte builds a full brown-toned eye and lip as a colour story rather than as a tan,Suits hard directional light and a warm grade; cool grades turn bronzer orange,"Sun care, self-tan, summer, swim, holiday campaigns","Brightening and whitening claims, and any market where tanned skin carries the wrong class coding — check locally",craft-heuristic,"Recall, unverified 2026-07-30; check current market coding of tanned skin, which differs sharply between Western and East Asian markets"
us-latte,Trang điểm nâu latte,Latte makeup,western-commercial,"Western social beauty, 2023","Satin, warm, low shine","Medium, evened, warm-shifted","Defined, warm brown, brushed","Layered browns — espresso in the outer corner, caramel through the socket, cream on the lid — all in one warm family","Brown liner smudged, brown mascara; black would break the palette","Warm brown-rose, low on the cheekbone","Warm contour, champagne highlight",Brown-nude with a defined liner and a gloss centre,"Warm monochrome brown, mid contrast","Every element is a brown of a different value, including the mascara",ed-monochrome,Latte is a specific hue family with commercial grammar; monochrome tonal is the general technique and can use any hue. Latte is one instance of it that got a name,Reads as muddy under a cool grade or low light; needs warm light and accurate colour,"Autumn campaigns, neutral palettes, brown-toned product launches",When a look needs to stay current for more than a season — this one is dated to 2023,industry-primary,"Recall, unverified 2026-07-30; the term is documented in 2023 beauty press — check whether it still reads as current before using the name in a brief"
us-siren-eye,Mắt siren,Siren eye,western-commercial,"Western social beauty, 2023 onward","Satin, restrained; the eye shape is the device",Medium,"Defined with a lifted tail, supporting the elongation","Deep shadow concentrated at the outer third and pulled outward and slightly down, then lifted at the very tip; the inner corner left bare and bright","Liner thin at the inner corner, thickening through the outer third and extending outward almost horizontally; lashes weighted at the outer corner only",Placed high and drawn toward the temple to continue the outward line,Highlight at the inner corner and on the brow bone tail to exaggerate the length,"Nude to rosewood, quiet","Neutral, mid to high contrast","Weight is entirely at the outer corner and the inner corner is deliberately empty, so the eye reads long rather than round",jp-ulzzang-doll,Exact opposites in placement. Siren empties the inner corner and loads the outer; doll-eye loads the centre and brightens the inner corner. Find the heaviest point of the liner,Wants a three-quarter face angle; head-on it flattens and the elongation is lost,"Liner, mascara and lash product; anything selling a sharper register","Youth and cute positioning, where the elongation reads as severe",craft-heuristic,"Recall, unverified 2026-07-30; the term is recent social-media vocabulary — verify it is still in use before putting it in a brief"
us-blush-draping,Má hồng phủ kiểu draping,Blush draping,western-commercial,"Attributed to Way Bandy, 1970s; revived repeatedly",Satin to soft matte,"Medium, even, so the drape reads as a single sweep","Soft, secondary","The blush itself carried onto the lid, or nothing",Minimal,"One colour swept from under the cheekbone up over the cheekbone and onto the temple in a continuous C, replacing both blush and contour","Neither, as separate products. The drape does both jobs at once","In the drape's hue family, satin","One dominant hue, mid contrast, the sweep kept continuous in retouch","Blush and contour are the same product in one continuous sweep up to the temple, with no separate shading",era-1980s,The 1980s diagonal stripe has a visible edge and sits alongside other bright colours; draping is a soft continuous C and is usually the only colour on the face,Needs even frontal light so the sweep does not read as a shadow,"Blush launches, colour-story work, 1970s references","Anywhere a defined contour is expected, such as bridal",industry-primary,"Recall, unverified 2026-07-30; the attribution to Way Bandy is commonly repeated — verify it before printing the name"
perf-drag,Trang điểm drag,Drag,performance,Drag performance tradition,"Matte, fully set, built to survive hours of stage heat",Full and layered; the face is repainted rather than corrected,"Natural brows blocked out with glue and paint, then a new brow drawn far higher, which is what buys the enlarged lid","Large blended gradient occupying the whole space up to the drawn brow, saturated, often with glitter and a hard highlight","Long graphic wing well past the outer corner, lower liner drawn below the natural lash line to enlarge the eye, stacked lashes","Strong, high, drawn toward the temple","Both at maximum strength, in shapes that restructure the whole face rather than describe it","Overdrawn well past the natural border, opaque, often with a highlighted centre","High contrast, saturated; retouch respects the paint as intentional and does not soften it","The brow is drawn above where a brow can grow, and the whole face is scaled up to match",perf-theatre,"Drag restructures the face into a different one; theatre makeup exaggerates the existing face so it reads from row twenty. One transforms, the other amplifies",Correct under stage light and in performance documentation; in a soft beauty crop the block-out shows,"Performance, nightlife, pride and queer-culture campaigns, artistic collaboration",As a costume or a joke. This is a professional craft tradition with a specific community history,craft-heuristic,"Recall, unverified 2026-07-30; check with a working drag artist before executing, and credit the tradition"
perf-theatre,Trang điểm sân khấu kịch,Theatre distance makeup,performance,"Stage practice, scaled to auditorium distance","Matte, fully powdered against stage-light sweat","Full, one to two shades warmer than natural, because stage light drains colour",Extended and strengthened so the expression carries,"Simple and strong: a light lid, a dark socket, a highlight on the brow bone, all exaggerated because detail is lost at distance",Heavy dark liner top and bottom with a white or pale line inside the waterline to keep the eye open at distance,Strong and placed clearly on the cheekbone,"Both, drawn as explicit planes; the point is to rebuild the shadows the flat front light removes","Opaque and clearly bordered, one step stronger in colour than natural","Not a photographic look; if photographed, expect a heavy read and grade for the stage light","Structure is painted back onto a face that flat front light has erased, at a scale meant to be seen from twenty metres",kr-idol-stage,Theatre is scaled for the naked eye at distance and looks crude in a close-up; idol stage is scaled for a broadcast camera and holds together at mid-shot,Wrong for any still or close frame. Only correct in performance documentation from house distance,"Theatre, opera and dance marketing where the performance image is the asset",Any beauty or product frame,craft-heuristic,"Recall, unverified 2026-07-30; check against stage-makeup textbooks, which document the distance scaling explicitly"
perf-broadcast-hd,Trang điểm truyền hình HD,HD broadcast,performance,Television practice after the move to high definition,"Satin with no shine on the forehead, nose or chin, because studio light finds all three",Light to medium and finely milled; HD resolves a heavy base as a visible layer,Groomed and defined but not drawn; a hard pencil line reads as a line at HD,Matte neutrals; shimmer sparkles distractingly under studio light,Soft-edged liner and natural lashes; a strip lash band shows,"Medium, well diffused, warm enough to survive the light drain","Very light contour with no visible edge; no baked highlight, which flares","Satin, mid depth, no gloss — gloss creates a moving specular hit","Neutral, mid contrast, colour-accurate; broadcast has no retouch pass, so the makeup is the finish","Every choice is subtractive — nothing shiny, nothing hard-edged, nothing that sparkles — because there is no retouch to fix it later",us-soft-glam,"Soft glam allows a dewy cheekbone and a gloss; HD broadcast forbids both, because they move and flare under a fixed studio key",Correct under a three-point studio setup at high resolution; slightly plain in a still beauty crop,"Presenter, spokesperson, webinar, corporate video, PR interview",Beauty stills where flatness reads as underdressed,craft-heuristic,"Recall, unverified 2026-07-30; check against broadcast makeup guidance from a working television artist"
tech-flashback-safe,Tránh bệt trắng khi chụp flash,Flashback-safe base,technical,"A photographic failure mode, not a style","Any finish, provided the products carry no light-scattering mineral filter where flash will hit","Any coverage, but every product in the base has to be checked, not just the foundation",Unaffected,Unaffected,Unaffected,Unaffected,Setting powder is the usual culprit; a translucent powder heavy in titanium dioxide or zinc oxide is the single most common cause,Unaffected,A grey-white cast on the T-zone that no grade fixes cleanly; this has to be prevented on set,"The face photographs grey-white and lighter than the neck under flash, while looking correct to the eye",jp-classical-white,"Not a look at all. If a face reads white under flash and normal in daylight, it is flashback; if it reads white in both, it is intentional","The whole point. Test with the actual flash before the subject is in wardrobe, not after","Any shoot using flash — event, bridal, PR, red carpet, press","Never skip. Also check SPF in the base, which causes the same cast",physics,"Recall, unverified 2026-07-30; the mechanism is mineral filters reflecting the flash back to the lens, which is a known optical effect rather than an opinion"
tech-ecommerce-swatch,Chụp swatch cho thương mại điện tử,E-commerce swatch legibility,technical,Product-listing photography requirements,"Bare skin only, matte, on the arm or the lip; a base under a swatch changes the colour",None. Any coverage under the swatch invalidates it,Not in frame,"Swatched as drawn-down stripes of even thickness with visible gaps, on bare skin, in one pass","Swatched as a drawn line at product width, not smudged","Swatched both sheer and built up, so the buyer sees the range rather than one point",Not applicable,"Applied full-opacity to a bare lip with no liner and no gloss, since both shift the shade","Colour accuracy above everything. Grey-card the shot and do not adjust saturation. A retouched swatch is a returns problem and, if it misstates the shade, a claims problem","Bare skin, even stripes, one light, a grey card in the first frame",tech-before-after,"A swatch proves what the colour is; a before-and-after proves what a product did. Different claims, different evidence, and they are not interchangeable","One consistent light and one white balance across the whole range, or shades cannot be compared to each other","Product listings, shade ranges, palette launches, marketplace assets","As a beauty asset. A swatch is evidence, not a mood",industry-primary,"Recall, unverified 2026-07-30; marketplace image requirements are published by each platform — read the live spec rather than this row"
tech-before-after,Ảnh trước và sau,Before-and-after honesty,technical,An advertising-compliance constraint expressed as a makeup and lighting brief,"The before and the after must differ only by the product. Same finish logic, same skin prep otherwise","If the after adds base coverage, the frame proves coverage and nothing else","Identical in both, or the pair is not comparable",Identical in both unless the eye product is the subject,"For a mascara or lash claim, the before must be genuinely bare — no curler, no clear coat, no fibre",Identical in both,Identical in both. A highlight added only to the after is the most common way these frames cheat,Identical in both unless the lip product is the subject,"Same crop, same distance, same lens, same light, same exposure, same grade, same retouch level. Log all eight, because a regulator will ask","Only one variable changes between the two frames, and the change is the product",tech-ecommerce-swatch,A before-and-after asserts causation and needs the pair controlled; a swatch asserts only colour. Confusing them produces an unsupportable claim,Shoot the before and the after in the same session under a locked setup; never reconstruct a before afterwards,"Efficacy claims, skincare, treatment, clinic, lash and brow services",Whenever the pair cannot be controlled. Then it is not evidence and the claim has to be dropped. Log it in the claims ledger either way,industry-primary,"Recall, unverified 2026-07-30; before-and-after rules are set by each market's advertising regulator — read the live local rule, not this row"
ed-faux-freckle,Vẽ tàn nhang,Faux freckles,editorial,"Western social and editorial beauty, 2018 onward","Sheer and satin, because a freckle drawn on a full base reads as a dot on paint","Sheer, so real texture supports the drawn marks","Soft, brushed",Minimal,Minimal,"Cream, under or over the freckles depending on how sunken they should read","Light bronzer following a sun path, since freckles imply sun",Balm or tint,"Warm, mid contrast; keep the freckles varied in size and density in retouch","Marks cluster where sun lands — nose bridge and upper cheek — at irregular sizes, and thin out toward the jaw",us-bronzed-sunkissed,"Freckles are discrete marks; bronzing is a continuous wash. They pair well, and evenly spaced same-size dots are how a faked freckle gives itself away",Wants soft daylight; hard light makes the drawn marks look like dirt,"Youth, natural positioning, sun care, tint launches","Skincare treating pigmentation, where drawing on the thing the product removes is incoherent",craft-heuristic,"Recall, unverified 2026-07-30; check current market reading, which has shifted between charming and dated"
us-cat-eye,Mắt mèo,Cat eye,western-commercial,"Western, continuous since the 1950s",Any; the liner is the device,"Medium, even, so the wing has a clean ground","Defined with a lifted tail, echoing the wing","Neutral, or a soft outer-corner deepening; the lid stays quiet under the liner","Liner thin at the inner corner, thickening through the outer third, then flicked up and out past the corner at a clear angle; lashes weighted outward","Cheekbone, medium, blended toward the ear",Light; a highlight under the wing's tail sharpens it,"Free. A nude keeps the eye dominant, a red makes the pair the whole look","Neutral to warm, mid to high contrast, the wing edge kept crisp","Liner is thickest in the outer third and leaves the eye entirely, flicking upward",us-siren-eye,"The angle of the exit. A cat eye flicks up; a siren eye extends nearly horizontally and empties the inner corner, which the cat eye does not bother to do","Reads at any size and under most light, which is why it has never gone away","Liner launches, classic and confident registers, anything that needs one legible device","Cute and youth positioning, and any frame where the eye will be closed or downcast",craft-heuristic,"Recall, unverified 2026-07-30; check against makeup-history references for the 1950s origin claim"
kr-crying-eye,Mắt như vừa khóc,Crying eye,korean,"Korean social beauty, 2022 onward","Satin, dewy on the cheekbone","Light, with the under-eye left uncorrected so the pink reads","Soft straight, low contrast","Pink or coral washed onto the lid, the inner corner and the lower lash line, plus a wet-look gloss or pearl on the centre lid so the eye looks glazed","Tightline only; the lower waterline brightened rather than lined, lashes softly clumped at the inner corner",Pink drawn up onto the under-eye and across the nose bridge,"Pearl on the inner corner, the nose tip and the cupid's bow — the three places a real tear would catch light","Pink tint, glossy, blurred","Cool pink, low contrast, high-key; the glaze must survive retouch","A glazed wet lid over pink under-eye and nose, so the face reads as if it has just stopped crying",us-under-eye-blush,The lid. Crying eye glazes it wet and brightens the waterline; under-eye blush leaves the lid dry and does nothing to the waterline,Needs a small hard source to make the glaze catch; under flat light it reads as an unfinished face,"Youth, K-beauty, gloss and blush launches, emotive storytelling","Authority, clinical, corporate, and markets where the reference reads as distressing rather than sweet",craft-heuristic,"Recall, unverified 2026-07-30; recent and fast-moving — verify it is still current before naming it in a brief"
us-abg,Trang điểm ABG,ABG (Asian Baby Girl),western-commercial,"Asian-American subculture, California 2010s; revived and softened on TikTok early 2020s","Matte to satin, bronzed a step deeper than the neck admits","Full and sculpted; the tan is part of the look, not a correction","Straight to soft arch, filled solid, squared front, crisp tail","Bronze and copper smoked outward, shimmer or glitter on the centre lid","Sharp elongated black wing, tightlined; dramatic wispy strip lashes long enough to read at arm's length","Bronzer-led; blush minimal, warmth comes from contour","Heavy visible contour, nose sculpted, cheekbone cut; golden highlight on the high points","Overlined matte nude-brown or mauve, ombre toward the centre acceptable","Warm bronzed grade, high contrast, sharpened","The wing and the brow carry the look: hard black elongated liner over bronzed monochrome warmth, straight brow, nude-brown lip",us-instagram-glam,"Both are heavy glam. ABG runs bronzed-monochrome with a harder longer wing, straighter brow and nude-brown lip; Instagram glam runs cut-crease colour, arched brow and a concealer-bright under-eye",Reads at phone distance and in club or neon light; soft daylight exposes the lash band and contour edges,"Streetwear, nail-lash-brow studios, boba and nightlife brands, diaspora-adjacent fashion social; pairs with pin-straight hair and money pieces","Bridal, corporate, skincare-truth briefs, any brand claiming barefaced natural",craft-heuristic,"Recall, unverified 2026-08-07; check current TikTok and Instagram ABG creators — the look has softened toward clean-girl hybrids since 2022"
