format_id,label,family,unit,size_w,size_h,bleed_mm,safe_margin_mm,edge_allowance_mm,view_distance,viewer_motion,size_grade,size_source,distance_grade,what_it_does_not_tell_you
a0-poster,A0 poster,iso-print,mm,841,1189,3,20,0,10,walking,iso-216-definitional,ISO 216:2007 A series. The whole series is derivable: A0 is 841 x 1189 mm and each next size is the previous one halved across its long side. verify_iso_series in the test suite recomputes it,declared-assumption,"Nothing about where it hangs. 10 m is the distance an A0 is usually first seen from in a corridor or a lobby, not a property of the sheet. Measure the actual place and pass --distance"
a1-poster,A1 poster,iso-print,mm,594,841,3,16,0,5,walking,iso-216-definitional,ISO 216:2007 A series,declared-assumption,"A1 in a shop window is read from the pavement, which can be 2 m or 8 m depending on the setback. The setback decides the type size, not the paper"
a2-poster,A2 poster,iso-print,mm,420,594,3,14,0,3,standing,iso-216-definitional,ISO 216:2007 A series,declared-assumption,3 m assumes a wall. The same sheet on an easel at a counter is read at 1 m and carries three times the copy
a3-poster,A3 notice,iso-print,mm,297,420,3,12,0,2,standing,iso-216-definitional,ISO 216:2007 A series,declared-assumption,"A3 is the size a queue reads while waiting, so the distance is set by where the queue stands"
a4-flyer,A4 flyer or one-pager,iso-print,mm,210,297,3,10,0,0.4,holding,iso-216-definitional,ISO 216:2007 A series,declared-assumption,"Held, so the distance is arm's length and the legibility question stops binding. What binds instead is how much a person reads before putting it down, which no formula here answers"
b1-poster,B1 poster,iso-print,mm,707,1000,3,18,0,6,walking,iso-216-definitional,ISO 216:2007 B series. B0 is 1000 x 1414 mm and halves the same way,declared-assumption,B sizes exist because they sit between A sizes. Which one a Vietnamese printer stocks is a question for the printer
b2-poster,B2 poster,iso-print,mm,500,707,3,16,0,4,walking,iso-216-definitional,ISO 216:2007 B series,declared-assumption,See b1-poster
bang-ron-ngang,Bang ron / horizontal street banner,street-print,mm,3000,800,0,60,50,15,riding,trade-multi-vendor,"0.8 x 3 m is the best-attested hemmed street banner: two Vietnamese print shops publish it in the same ngang list (bangronsukien.vn, invietnhat.vn, read 2026-08-04). No TCVN covers any OOH format and no decree sets a maximum - one vendor claims a Ministry of Culture limit and cites nothing, so no regulatory ceiling is encoded here. Other quoted ngang sizes are 600x2000, 1000x4000, 1000x5000 and 1000x6000 mm",declared-assumption,"Nothing about whether you may hang it. Placement, permit and duration for outdoor advertising are governed separately and this repository has not researched them - see the poster-and-banner reference for the gap and what to bring back. Zero bleed because the edge is hemmed or eyeleted, so ink at the trim is lost in the fold. Bleed is 0 and the allowance is 50 mm, which is a different thing: bleed is artwork you let the blade cut, allowance is material the shop folds, sews or punches through and consumes. Nothing may be inside it. A pole sleeve (xo cay) needs 100 mm on the top edge instead of 50, single vendor."
phuon-doc,Phuon / vertical street flag,street-print,mm,800,2000,0,60,50,12,riding,trade-multi-vendor,"0.8 x 2 m appears in two vendors' doc lists alongside 0.6 x 1.6 m (bangronsukien.vn, invietnhat.vn, read 2026-08-04). Trade convention, no standard",declared-assumption,"A vertical flag is read side-on more often than head-on, and this table has no term for viewing angle. A glance measurement taken head-on is the best case. 50 mm of material allowance every side for the hem and the eyelets, on two vendors' word. It is consumed, not printed to."
standee,Standee,in-store,mm,600,1600,0,50,50,2,walking,trade-multi-vendor,"0.6 x 1.6 m is published by three independent Vietnamese shops (innhanhthuduc.com, instandee.vn, onepidesign.com, read 2026-08-04), as is 0.8 x 1.8 m. Three shops agreeing is not a standard - nothing is standardised here - but it is what the word means on a quote",declared-assumption,"A standee is passed rather than faced, so the top third is read and the bottom third often is not. The formula sizes type; it does not know that the price at ankle height is invisible The 50 mm allowance is the roll-up cassette: one vendor states 30 to 50 mm top and bottom, and 50 is carried because under-allowing loses artwork while over-allowing costs a strip of vinyl. An X-frame standee eyelets instead and the number is the frame's, not the file's."
backdrop-event,Backdrop / phong nen,in-store,mm,vendor-declared,vendor-declared,0,80,vendor-declared,3,standing,vendor-declared,"Sized to the venue's frame, so there is no default. Ask the venue for the frame's internal dimensions and the rigging allowance, and design to those",place-declared,"The distance that matters for a backdrop is usually the camera's, not the audience's. A logo legible to the room can still be unreadable in the photograph that gets published"
table-tent,Table tent / standing card,in-store,mm,100,150,3,6,0,0.5,seated,trade-common-unsourced,A common quoted size. Unverified,declared-assumption,"Read while seated and while doing something else. The constraint is competing attention, which this unit does not measure"
poster-wall-menu,Wall menu board,in-store,mm,900,1200,3,30,0,2.5,standing,trade-common-unsourced,"A common shop-fitted size. Unverified, and in practice cut to the wall",declared-assumption,menu-design.md and menu-engineering.md own what goes on it. This row only settles how big the type has to be
billboard-roadside,Bang quang cao tam lon / roadside billboard,ooh,mm,vendor-declared,vendor-declared,0,vendor-declared,vendor-declared,60,driving,vendor-declared,Every OOH vendor publishes its own inventory dimensions and its own artwork template with its own bleed and eyelet allowance. There is no generic size and a generic file gets rejected. Ask for the site's spec sheet by site code,declared-assumption,"60 m is a placeholder for a road. The real distance is set by approach geometry, lane, speed limit and what obstructs the sightline, and only a site visit or the vendor's own sightline drawing settles it. Permit law is unresearched here"
led-frontage,LED frontage or in-store screen,ooh,px,vendor-declared,vendor-declared,not-applicable,vendor-declared,not-applicable,4,walking,vendor-declared,"Pitch and panel count decide the pixel canvas, so the vendor's own spec is the only source. A file authored at the wrong pitch is resampled by the controller and the type goes soft",declared-assumption,"An LED wall has a minimum legible type size set by pixel pitch as well as by distance, and pitch is not in this table. Ask for the pitch in millimetres and treat one pixel as one pitch unit"
web-medium-rectangle,300 x 250 display unit,screen,css-px,300,250,not-applicable,12,not-applicable,css-reference-pixel,scrolling,industry-common-unsourced,"300 x 250, 728 x 90, 320 x 50, 300 x 600 and 970 x 250 are the sizes every ad server accepts and every publisher lists. This repository has not fetched a primary specification for them, so they are recorded as trade-common rather than cited",css-definitional,"A display unit is not read at a distance, it is read at whatever distance the phone is held. The CSS reference pixel already encodes that, which is why this row needs no metres - see plan_poster.py --explain-units"
web-leaderboard,728 x 90 display unit,screen,css-px,728,90,not-applicable,10,not-applicable,css-reference-pixel,scrolling,industry-common-unsourced,As web-medium-rectangle,css-definitional,"90 px of height is about four lines of legible body text and nothing else. The format is the constraint, and no amount of art direction adds room"
web-mobile-banner,320 x 50 mobile banner,screen,css-px,320,50,not-applicable,8,not-applicable,css-reference-pixel,scrolling,industry-common-unsourced,As web-medium-rectangle,css-definitional,"50 px carries one line at glance size. A layout with a headline, a price and a button in it has already failed and the arithmetic says so before the design does"
web-half-page,300 x 600 display unit,screen,css-px,300,600,not-applicable,14,not-applicable,css-reference-pixel,scrolling,industry-common-unsourced,As web-medium-rectangle,css-definitional,"The tallest common unit, and the one most often filled with a stacked poster. Height is not permission: the measure is still 300 px wide, so a long headline wraps to four lines"
web-billboard,970 x 250 display unit,screen,css-px,970,250,not-applicable,16,not-applicable,css-reference-pixel,scrolling,industry-common-unsourced,As web-medium-rectangle,css-definitional,"Desktop only in practice. Whether it renders at all on the placement you bought is check_channel_spec.py's question, not this table's"
